Wavenumbers,Absorbance,Absorbance,Absorbance,Absorbance,Absorbance,Absorbance,Absorbance,Absorbance,Absorbance,Absorbance,Absorbance,Absorbance,Absorbance,Absorbance,Absorbance,Absorbance,,,,,,,,,,
cm-1,0,1,2,3,4,5,6,7,8,9,10,11,12,13,14,15,,,,,,,,,,
2250.039,-3.10E-07,7.37E-07,-7.30E-07,9.36E-07,1.42E-06,4.48E-06,-9.92E-08,8.05E-07,-5.52E-07,-5.52E-07,4.27E-06,2.95E-06,-7.85E-07,3.79E-06,6.69E-07,-2.17E-07,,,,,,,,,,
2250.521,5.06E-06,4.79E-06,2.05E-06,5.79E-06,4.90E-06,1.48E-05,1.84E-05,9.34E-06,-6.14E-07,-6.14E-07,7.36E-06,7.25E-06,1.27E-05,9.86E-06,1.83E-05,1.16E-05,,,,,,,,,,
2251.003,4.89E-06,4.90E-06,3.72E-06,8.68E-06,5.96E-06,2.02E-05,3.27E-05,1.21E-05,-2.19E-06,-2.19E-06,5.25E-06,5.48E-06,1.84E-05,1.34E-05,3.13E-05,1.77E-05,,,,,,,,,,
2251.485,-1.59E-07,6.99E-07,4.51E-06,7.66E-06,4.82E-06,2.11E-05,4.13E-05,9.01E-06,-4.85E-06,-4.85E-06,-6.94E-07,-2.05E-06,1.60E-05,1.44E-05,3.79E-05,1.77E-05,,,,,,,,,,
2251.968,-7.91E-06,-6.94E-06,5.30E-06,2.23E-06,2.95E-06,1.92E-05,4.49E-05,1.61E-06,-7.51E-06,-7.51E-06,-8.33E-06,-1.29E-05,7.88E-06,1.34E-05,3.82E-05,1.25E-05,,,,,,,,,,
2252.45,-1.64E-05,-1.64E-05,7.07E-06,-6.91E-06,1.38E-06,1.61E-05,4.42E-05,-8.46E-06,-9.76E-06,-9.76E-06,-1.60E-05,-2.41E-05,-3.11E-06,1.02E-05,3.32E-05,3.41E-06,,,,,,,,,,
2252.932,-2.39E-05,-2.61E-05,1.04E-05,-1.83E-05,1.15E-06,1.28E-05,4.04E-05,-1.94E-05,-1.19E-05,-1.19E-05,-2.23E-05,-3.28E-05,-1.43E-05,4.58E-06,2.42E-05,-8.10E-06,,,,,,,,,,
2253.414,-2.95E-05,-3.43E-05,1.55E-05,-2.99E-05,2.81E-06,1.01E-05,3.46E-05,-2.95E-05,-1.48E-05,-1.48E-05,-2.69E-05,-3.74E-05,-2.39E-05,-3.54E-06,1.27E-05,-2.04E-05,,,,,,,,,,
2253.896,-3.35E-05,-4.05E-05,2.17E-05,-3.99E-05,6.06E-06,7.82E-06,2.74E-05,-3.81E-05,-1.96E-05,-1.96E-05,-3.00E-05,-3.84E-05,-3.12E-05,-1.41E-05,2.82E-07,-3.25E-05,,,,,,,,,,
2254.378,-3.71E-05,-4.52E-05,2.76E-05,-4.73E-05,9.81E-06,5.24E-06,1.86E-05,-4.50E-05,-2.74E-05,-2.74E-05,-3.25E-05,-3.73E-05,-3.68E-05,-2.69E-05,-1.24E-05,-4.37E-05,,,,,,,,,,
2254.86,-4.19E-05,-4.99E-05,3.11E-05,-5.20E-05,1.28E-05,1.44E-06,8.19E-06,-5.04E-05,-3.88E-05,-3.88E-05,-3.56E-05,-3.70E-05,-4.17E-05,-4.11E-05,-2.43E-05,-5.36E-05,,,,,,,,,,
2255.342,-4.90E-05,-5.62E-05,3.06E-05,-5.44E-05,1.38E-05,-4.45E-06,-3.67E-06,-5.43E-05,-5.32E-05,-5.32E-05,-3.93E-05,-3.96E-05,-4.67E-05,-5.58E-05,-3.44E-05,-6.18E-05,,,,,,,,,,
2255.824,-5.84E-05,-6.52E-05,2.53E-05,-5.55E-05,1.28E-05,-1.24E-05,-1.67E-05,-5.64E-05,-6.89E-05,-6.89E-05,-4.37E-05,-4.60E-05,-5.21E-05,-6.99E-05,-4.16E-05,-6.76E-05,,,,,,,,,,
2256.307,-6.88E-05,-7.74E-05,1.57E-05,-5.60E-05,1.00E-05,-2.24E-05,-2.95E-05,-5.62E-05,-8.37E-05,-8.37E-05,-4.81E-05,-5.57E-05,-5.77E-05,-8.23E-05,-4.47E-05,-7.04E-05,,,,,,,,,,
2256.789,-7.83E-05,-9.17E-05,3.73E-06,-5.69E-05,6.39E-06,-3.34E-05,-4.12E-05,-5.32E-05,-9.54E-05,-9.54E-05,-5.12E-05,-6.65E-05,-6.29E-05,-9.26E-05,-4.29E-05,-6.93E-05,,,,,,,,,,
2257.271,-8.52E-05,-1.07E-04,-8.43E-06,-5.86E-05,3.16E-06,-4.42E-05,-5.05E-05,-4.75E-05,-1.03E-04,-1.03E-04,-5.21E-05,-7.61E-05,-6.72E-05,-1.00E-04,-3.67E-05,-6.45E-05,,,,,,,,,,
2257.753,-8.84E-05,-1.21E-04,-1.84E-05,-6.13E-05,9.15E-07,-5.35E-05,-5.72E-05,-4.02E-05,-1.05E-04,-1.05E-04,-5.02E-05,-8.24E-05,-7.02E-05,-1.06E-04,-2.78E-05,-5.66E-05,,,,,,,,,,
2258.235,-8.84E-05,-1.32E-04,-2.49E-05,-6.54E-05,-5.90E-07,-6.03E-05,-6.15E-05,-3.29E-05,-1.04E-04,-1.04E-04,-4.54E-05,-8.42E-05,-7.24E-05,-1.11E-04,-1.87E-05,-4.70E-05,,,,,,,,,,
2258.717,-8.62E-05,-1.39E-04,-2.70E-05,-7.01E-05,-2.10E-06,-6.38E-05,-6.43E-05,-2.76E-05,-1.00E-04,-1.00E-04,-3.85E-05,-8.18E-05,-7.37E-05,-1.15E-04,-1.21E-05,-3.73E-05,,,,,,,,,,
2259.199,-8.41E-05,-1.42E-04,-2.54E-05,-7.50E-05,-4.74E-06,-6.40E-05,-6.64E-05,-2.60E-05,-9.52E-05,-9.52E-05,-3.07E-05,-7.63E-05,-7.50E-05,-1.19E-04,-1.03E-05,-2.96E-05,,,,,,,,,,
2259.681,-8.36E-05,-1.41E-04,-2.11E-05,-7.89E-05,-9.45E-06,-6.09E-05,-6.83E-05,-2.90E-05,-8.94E-05,-8.94E-05,-2.33E-05,-6.93E-05,-7.64E-05,-1.21E-04,-1.37E-05,-2.53E-05,,,,,,,,,,
2260.164,-8.56E-05,-1.37E-04,-1.56E-05,-8.04E-05,-1.64E-05,-5.56E-05,-7.04E-05,-3.60E-05,-8.29E-05,-8.29E-05,-1.77E-05,-6.21E-05,-7.81E-05,-1.23E-04,-2.16E-05,-2.51E-05,,,,,,,,,,
2260.646,-8.99E-05,-1.31E-04,-1.02E-05,-7.84E-05,-2.49E-05,-4.86E-05,-7.24E-05,-4.52E-05,-7.53E-05,-7.53E-05,-1.47E-05,-5.56E-05,-8.03E-05,-1.22E-04,-3.16E-05,-2.94E-05,,,,,,,,,,
2261.128,-9.57E-05,-1.23E-04,-6.65E-06,-7.26E-05,-3.38E-05,-4.10E-05,-7.42E-05,-5.50E-05,-6.66E-05,-6.66E-05,-1.50E-05,-5.04E-05,-8.29E-05,-1.18E-04,-4.12E-05,-3.80E-05,,,,,,,,,,
2261.61,-1.02E-04,-1.15E-04,-6.23E-06,-6.35E-05,-4.18E-05,-3.38E-05,-7.63E-05,-6.38E-05,-5.75E-05,-5.75E-05,-1.86E-05,-4.71E-05,-8.60E-05,-1.14E-04,-4.84E-05,-5.01E-05,,,,,,,,,,
2262.092,-1.08E-04,-1.08E-04,-9.79E-06,-5.25E-05,-4.79E-05,-2.79E-05,-7.93E-05,-7.06E-05,-4.91E-05,-4.91E-05,-2.55E-05,-4.57E-05,-8.95E-05,-1.08E-04,-5.21E-05,-6.48E-05,,,,,,,,,,
2262.574,-1.14E-04,-1.03E-04,-1.82E-05,-4.17E-05,-5.15E-05,-2.40E-05,-8.46E-05,-7.59E-05,-4.34E-05,-4.34E-05,-3.54E-05,-4.67E-05,-9.32E-05,-1.04E-04,-5.27E-05,-8.09E-05,,,,,,,,,,
2263.056,-1.20E-04,-1.02E-04,-3.12E-05,-3.33E-05,-5.30E-05,-2.28E-05,-9.31E-05,-8.08E-05,-4.18E-05,-4.18E-05,-4.75E-05,-5.03E-05,-9.69E-05,-1.02E-04,-5.12E-05,-9.68E-05,,,,,,,,,,
2263.538,-1.27E-04,-1.05E-04,-4.79E-05,-2.88E-05,-5.31E-05,-2.42E-05,-1.05E-04,-8.66E-05,-4.49E-05,-4.49E-05,-6.13E-05,-5.68E-05,-1.01E-04,-1.02E-04,-4.94E-05,-1.11E-04,,,,,,,,,,
2264.021,-1.34E-04,-1.13E-04,-6.67E-05,-2.83E-05,-5.24E-05,-2.79E-05,-1.20E-04,-9.37E-05,-5.16E-05,-5.16E-05,-7.54E-05,-6.56E-05,-1.04E-04,-1.04E-04,-4.80E-05,-1.20E-04,,,,,,,,,,
2264.503,-1.42E-04,-1.24E-04,-8.53E-05,-3.14E-05,-5.20E-05,-3.30E-05,-1.35E-04,-1.02E-04,-5.99E-05,-5.99E-05,-8.84E-05,-7.61E-05,-1.08E-04,-1.07E-04,-4.82E-05,-1.25E-04,,,,,,,,,,
2264.985,-1.47E-04,-1.36E-04,-1.01E-04,-3.58E-05,-5.24E-05,-3.79E-05,-1.47E-04,-1.09E-04,-6.66E-05,-6.66E-05,-9.83E-05,-8.68E-05,-1.12E-04,-1.09E-04,-4.92E-05,-1.23E-04,,,,,,,,,,
2265.467,-1.48E-04,-1.47E-04,-1.13E-04,-3.96E-05,-5.38E-05,-4.11E-05,-1.55E-04,-1.13E-04,-6.93E-05,-6.93E-05,-1.03E-04,-9.66E-05,-1.15E-04,-1.08E-04,-5.08E-05,-1.15E-04,,,,,,,,,,
2265.949,-1.43E-04,-1.53E-04,-1.19E-04,-4.11E-05,-5.65E-05,-4.13E-05,-1.55E-04,-1.11E-04,-6.66E-05,-6.66E-05,-1.02E-04,-1.04E-04,-1.17E-04,-1.04E-04,-5.19E-05,-1.03E-04,,,,,,,,,,
2266.431,-1.33E-04,-1.54E-04,-1.18E-04,-3.92E-05,-6.06E-05,-3.74E-05,-1.47E-04,-1.04E-04,-5.88E-05,-5.88E-05,-9.41E-05,-1.08E-04,-1.17E-04,-9.58E-05,-5.19E-05,-8.79E-05,,,,,,,,,,
2266.913,-1.18E-04,-1.47E-04,-1.12E-04,-3.41E-05,-6.56E-05,-2.96E-05,-1.32E-04,-8.98E-05,-4.77E-05,-4.77E-05,-8.00E-05,-1.07E-04,-1.13E-04,-8.58E-05,-5.00E-05,-7.23E-05,,,,,,,,,,
2267.395,-1.01E-04,-1.35E-04,-9.94E-05,-2.67E-05,-7.11E-05,-1.88E-05,-1.13E-04,-7.18E-05,-3.65E-05,-3.65E-05,-6.18E-05,-1.01E-04,-1.05E-04,-7.46E-05,-4.54E-05,-5.78E-05,,,,,,,,,,
2267.877,-8.30E-05,-1.17E-04,-8.27E-05,-1.89E-05,-7.61E-05,-6.56E-06,-9.15E-05,-5.18E-05,-2.82E-05,-2.82E-05,-4.16E-05,-9.02E-05,-9.20E-05,-6.40E-05,-3.83E-05,-4.58E-05,,,,,,,,,,
2268.36,-6.74E-05,-9.57E-05,-6.27E-05,-1.19E-05,-7.96E-05,5.26E-06,-7.04E-05,-3.31E-05,-2.51E-05,-2.51E-05,-2.23E-05,-7.39E-05,-7.55E-05,-5.50E-05,-2.87E-05,-3.66E-05,,,,,,,,,,
2268.842,-5.52E-05,-7.32E-05,-4.12E-05,-7.06E-06,-8.00E-05,1.54E-05,-5.17E-05,-1.76E-05,-2.83E-05,-2.83E-05,-5.50E-06,-5.36E-05,-5.73E-05,-4.81E-05,-1.74E-05,-2.99E-05,,,,,,,,,,
2269.324,-4.64E-05,-5.10E-05,-2.00E-05,-4.47E-06,-7.65E-05,2.32E-05,-3.68E-05,-6.33E-06,-3.69E-05,-3.69E-05,7.43E-06,-3.08E-05,-3.99E-05,-4.35E-05,-5.31E-06,-2.54E-05,,,,,,,,,,
2269.806,-4.04E-05,-3.06E-05,-1.17E-06,-3.60E-06,-6.83E-05,2.87E-05,-2.63E-05,9.61E-07,-4.85E-05,-4.85E-05,1.66E-05,-7.79E-06,-2.50E-05,-4.07E-05,5.77E-06,-2.27E-05,,,,,,,,,,
2270.288,-3.58E-05,-1.26E-05,1.40E-05,-3.50E-06,-5.56E-05,3.25E-05,-2.03E-05,5.69E-06,-6.06E-05,-6.06E-05,2.29E-05,1.27E-05,-1.37E-05,-3.94E-05,1.48E-05,-2.10E-05,,,,,,,,,,
2270.77,-3.12E-05,2.11E-06,2.49E-05,-3.24E-06,-3.93E-05,3.54E-05,-1.83E-05,9.87E-06,-6.99E-05,-6.99E-05,2.78E-05,2.87E-05,-5.87E-06,-3.87E-05,2.09E-05,-2.00E-05,,,,,,,,,,
2271.252,-2.60E-05,1.30E-05,3.18E-05,-1.99E-06,-2.08E-05,3.81E-05,-1.89E-05,1.52E-05,-7.43E-05,-7.43E-05,3.28E-05,3.89E-05,-4.88E-07,-3.78E-05,2.44E-05,-1.90E-05,,,,,,,,,,
2271.734,-1.98E-05,2.00E-05,3.59E-05,3.29E-07,-1.76E-06,4.06E-05,-2.07E-05,2.28E-05,-7.24E-05,-7.24E-05,3.88E-05,4.30E-05,4.16E-06,-3.61E-05,2.63E-05,-1.72E-05,,,,,,,,,,
2272.217,-1.35E-05,2.31E-05,3.86E-05,3.06E-06,1.56E-05,4.23E-05,-2.21E-05,3.22E-05,-6.44E-05,-6.44E-05,4.58E-05,4.16E-05,8.91E-06,-3.32E-05,2.76E-05,-1.47E-05,,,,,,,,,,
2272.698,-8.05E-06,2.27E-05,4.11E-05,5.28E-06,2.94E-05,4.27E-05,-2.17E-05,4.21E-05,-5.16E-05,-5.16E-05,5.33E-05,3.67E-05,1.41E-05,-2.92E-05,2.99E-05,-1.16E-05,,,,,,,,,,
2273.181,-4.88E-06,1.96E-05,4.37E-05,5.71E-06,3.84E-05,4.07E-05,-1.89E-05,5.02E-05,-3.64E-05,-3.64E-05,6.00E-05,3.00E-05,1.90E-05,-2.46E-05,3.33E-05,-8.67E-06,,,,,,,,,,
2273.663,-5.18E-06,1.45E-05,4.61E-05,3.42E-06,4.13E-05,3.61E-05,-1.47E-05,5.41E-05,-2.16E-05,-2.16E-05,6.41E-05,2.29E-05,2.13E-05,-2.07E-05,3.68E-05,-7.54E-06,,,,,,,,,,
2274.145,-9.62E-06,7.95E-06,4.69E-05,-2.12E-06,3.81E-05,2.84E-05,-1.06E-05,5.18E-05,-9.90E-06,-9.90E-06,6.38E-05,1.64E-05,1.90E-05,-1.90E-05,3.89E-05,-9.58E-06,,,,,,,,,,
2274.627,-1.82E-05,4.37E-07,4.53E-05,-1.04E-05,2.92E-05,1.81E-05,-8.90E-06,4.30E-05,-3.06E-06,-3.06E-06,5.83E-05,1.06E-05,1.08E-05,-2.09E-05,3.76E-05,-1.60E-05,,,,,,,,,,
2275.109,-3.00E-05,-8.09E-06,4.06E-05,-2.03E-05,1.60E-05,5.71E-06,-1.16E-05,2.83E-05,-1.88E-06,-1.88E-06,4.74E-05,5.05E-06,-3.95E-06,-2.73E-05,3.17E-05,-2.69E-05,,,,,,,,,,
2275.591,-4.34E-05,-1.76E-05,3.34E-05,-3.01E-05,3.56E-07,-7.73E-06,-1.94E-05,1.04E-05,-5.62E-06,-5.62E-06,3.19E-05,-6.96E-07,-2.38E-05,-3.82E-05,2.12E-05,-4.12E-05,,,,,,,,,,
2276.073,-5.66E-05,-2.79E-05,2.48E-05,-3.76E-05,-1.53E-05,-2.12E-05,-3.13E-05,-7.56E-06,-1.24E-05,-1.24E-05,1.40E-05,-6.79E-06,-4.63E-05,-5.24E-05,7.52E-06,-5.66E-05,,,,,,,,,,
2276.555,-6.76E-05,-3.81E-05,1.64E-05,-4.11E-05,-2.90E-05,-3.32E-05,-4.50E-05,-2.20E-05,-1.95E-05,-1.95E-05,-3.85E-06,-1.30E-05,-6.77E-05,-6.79E-05,-6.77E-06,-7.05E-05,,,,,,,,,,
2277.038,-7.44E-05,-4.69E-05,9.91E-06,-3.89E-05,-3.87E-05,-4.21E-05,-5.69E-05,-2.97E-05,-2.38E-05,-2.38E-05,-1.85E-05,-1.82E-05,-8.39E-05,-8.15E-05,-1.81E-05,-7.99E-05,,,,,,,,,,
2277.52,-7.62E-05,-5.27E-05,5.85E-06,-3.11E-05,-4.36E-05,-4.67E-05,-6.38E-05,-2.96E-05,-2.31E-05,-2.31E-05,-2.81E-05,-2.14E-05,-9.20E-05,-9.10E-05,-2.36E-05,-8.31E-05,,,,,,,,,,
2278.002,-7.27E-05,-5.39E-05,4.28E-06,-1.77E-05,-4.36E-05,-4.60E-05,-6.33E-05,-2.14E-05,-1.64E-05,-1.64E-05,-3.14E-05,-2.16E-05,-9.02E-05,-9.43E-05,-2.16E-05,-7.92E-05,,,,,,,,,,
2278.484,-6.47E-05,-5.01E-05,4.37E-06,-1.05E-06,-4.00E-05,-4.04E-05,-5.57E-05,-7.35E-06,-4.41E-06,-4.41E-06,-2.91E-05,-1.88E-05,-7.93E-05,-9.12E-05,-1.19E-05,-6.92E-05,,,,,,,,,,
2278.966,-5.28E-05,-4.16E-05,5.53E-06,1.69E-05,-3.41E-05,-3.09E-05,-4.24E-05,9.89E-06,1.08E-05,1.08E-05,-2.28E-05,-1.31E-05,-6.13E-05,-8.19E-05,4.14E-06,-5.44E-05,,,,,,,,,,
2279.448,-3.89E-05,-3.08E-05,6.56E-06,3.31E-05,-2.83E-05,-2.02E-05,-2.74E-05,2.66E-05,2.58E-05,2.58E-05,-1.57E-05,-6.84E-06,-4.01E-05,-6.89E-05,2.28E-05,-3.72E-05,,,,,,,,,,
2279.93,-2.46E-05,-1.98E-05,7.05E-06,4.52E-05,-2.45E-05,-1.11E-05,-1.42E-05,3.92E-05,3.69E-05,3.69E-05,-1.03E-05,-1.76E-06,-2.02E-05,-5.45E-05,4.07E-05,-2.04E-05,,,,,,,,,,
2280.412,-1.13E-05,-1.16E-05,6.63E-06,5.14E-05,-2.36E-05,-6.30E-06,-5.88E-06,4.56E-05,4.16E-05,4.16E-05,-8.62E-06,2.49E-07,-4.89E-06,-4.11E-05,5.40E-05,-6.05E-06,,,,,,,,,,
2280.895,-1.05E-07,-7.39E-06,5.33E-06,5.18E-05,-2.57E-05,-7.33E-06,-3.37E-06,4.51E-05,3.96E-05,3.96E-05,-1.14E-05,-2.06E-06,3.81E-06,-3.01E-05,6.06E-05,4.49E-06,,,,,,,,,,
2281.377,8.23E-06,-7.45E-06,3.12E-06,4.69E-05,-3.01E-05,-1.45E-05,-6.29E-06,3.84E-05,3.16E-05,3.16E-05,-1.80E-05,-8.44E-06,5.69E-06,-2.21E-05,5.97E-05,1.03E-05,,,,,,,,,,
2281.859,1.37E-05,-1.02E-05,3.38E-07,3.91E-05,-3.47E-05,-2.59E-05,-1.23E-05,2.76E-05,2.06E-05,2.06E-05,-2.67E-05,-1.76E-05,2.34E-06,-1.64E-05,5.24E-05,1.17E-05,,,,,,,,,,
2282.341,1.61E-05,-1.33E-05,-2.34E-06,3.06E-05,-3.78E-05,-3.88E-05,-1.85E-05,1.60E-05,1.02E-05,1.02E-05,-3.53E-05,-2.69E-05,-3.63E-06,-1.18E-05,4.17E-05,9.90E-06,,,,,,,,,,
2282.823,1.61E-05,-1.45E-05,-4.28E-06,2.33E-05,-3.80E-05,-5.02E-05,-2.26E-05,6.40E-06,3.60E-06,3.60E-06,-4.24E-05,-3.44E-05,-1.04E-05,-7.21E-06,3.09E-05,6.04E-06,,,,,,,,,,
2283.305,1.39E-05,-1.28E-05,-4.84E-06,1.80E-05,-3.53E-05,-5.78E-05,-2.34E-05,9.17E-07,1.96E-06,1.96E-06,-4.74E-05,-3.81E-05,-1.68E-05,-2.25E-06,2.29E-05,1.68E-06,,,,,,,,,,
2283.787,9.77E-06,-8.88E-06,-3.51E-06,1.44E-05,-3.07E-05,-6.07E-05,-2.11E-05,3.16E-07,5.09E-06,5.09E-06,-5.06E-05,-3.81E-05,-2.30E-05,2.85E-06,1.94E-05,-2.32E-06,,,,,,,,,,
2284.269,3.54E-06,-4.62E-06,-4.29E-07,1.14E-05,-2.65E-05,-5.92E-05,-1.72E-05,3.86E-06,1.09E-05,1.09E-05,-5.30E-05,-3.52E-05,-2.98E-05,7.31E-06,2.01E-05,-5.74E-06,,,,,,,,,,
2284.751,-5.32E-06,-2.62E-06,3.53E-06,7.84E-06,-2.50E-05,-5.48E-05,-1.38E-05,9.32E-06,1.61E-05,1.61E-05,-5.57E-05,-3.17E-05,-3.83E-05,1.01E-05,2.32E-05,-9.16E-06,,,,,,,,,,
2285.234,-1.66E-05,-5.08E-06,7.39E-06,3.24E-06,-2.77E-05,-4.89E-05,-1.19E-05,1.43E-05,1.85E-05,1.85E-05,-5.85E-05,-2.93E-05,-4.82E-05,1.11E-05,2.66E-05,-1.31E-05,,,,,,,,,,
2285.716,-3.01E-05,-1.26E-05,9.93E-06,-1.89E-06,-3.53E-05,-4.25E-05,-1.23E-05,1.66E-05,1.68E-05,1.68E-05,-6.09E-05,-2.96E-05,-5.82E-05,1.08E-05,2.83E-05,-1.83E-05,,,,,,,,,,
2286.198,-4.46E-05,-2.40E-05,1.07E-05,-5.81E-06,-4.61E-05,-3.58E-05,-1.42E-05,1.48E-05,1.12E-05,1.12E-05,-6.10E-05,-3.25E-05,-6.59E-05,1.04E-05,2.76E-05,-2.47E-05,,,,,,,,,,
2286.68,-5.85E-05,-3.69E-05,9.79E-06,-6.43E-06,-5.79E-05,-2.88E-05,-1.60E-05,8.92E-06,3.81E-06,3.81E-06,-5.68E-05,-3.69E-05,-6.89E-05,1.17E-05,2.55E-05,-3.10E-05,,,,,,,,,,
2287.162,-6.98E-05,-4.88E-05,8.46E-06,-2.32E-06,-6.82E-05,-2.11E-05,-1.64E-05,-4.55E-07,-3.57E-06,-3.57E-06,-4.73E-05,-4.10E-05,-6.59E-05,1.49E-05,2.37E-05,-3.60E-05,,,,,,,,,,
2287.644,-7.73E-05,-5.78E-05,7.83E-06,6.51E-06,-7.50E-05,-1.31E-05,-1.45E-05,-1.19E-05,-9.44E-06,-9.44E-06,-3.27E-05,-4.34E-05,-5.76E-05,1.95E-05,2.41E-05,-3.81E-05,,,,,,,,,,
2288.126,-8.05E-05,-6.31E-05,8.79E-06,1.82E-05,-7.81E-05,-5.79E-06,-1.09E-05,-2.42E-05,-1.33E-05,-1.33E-05,-1.52E-05,-4.35E-05,-4.67E-05,2.30E-05,2.75E-05,-3.67E-05,,,,,,,,,,
2288.608,-8.04E-05,-6.58E-05,1.12E-05,2.96E-05,-7.86E-05,-6.17E-07,-7.11E-06,-3.68E-05,-1.58E-05,-1.58E-05,1.58E-06,-4.19E-05,-3.69E-05,2.22E-05,3.28E-05,-3.21E-05,,,,,,,,,,
2289.091,-7.91E-05,-6.76E-05,1.38E-05,3.65E-05,-7.82E-05,7.46E-07,-5.25E-06,-4.94E-05,-1.83E-05,-1.83E-05,1.32E-05,-4.00E-05,-3.18E-05,1.43E-05,3.79E-05,-2.61E-05,,,,,,,,,,
2289.573,-7.89E-05,-6.95E-05,1.51E-05,3.64E-05,-7.83E-05,-2.11E-06,-6.55E-06,-6.20E-05,-2.17E-05,-2.17E-05,1.64E-05,-3.91E-05,-3.32E-05,-2.05E-06,4.01E-05,-2.08E-05,,,,,,,,,,
2290.055,-8.17E-05,-7.25E-05,1.34E-05,2.76E-05,-7.97E-05,-9.35E-06,-1.21E-05,-7.45E-05,-2.62E-05,-2.62E-05,9.48E-06,-4.01E-05,-4.13E-05,-2.59E-05,3.73E-05,-1.83E-05,,,,,,,,,,
2290.537,-8.86E-05,-7.60E-05,7.58E-06,1.10E-05,-8.17E-05,-1.98E-05,-2.14E-05,-8.63E-05,-3.14E-05,-3.14E-05,-6.66E-06,-4.32E-05,-5.42E-05,-5.40E-05,2.85E-05,-1.99E-05,,,,,,,,,,
2291.019,-9.87E-05,-7.84E-05,-1.92E-06,-1.07E-05,-8.26E-05,-3.13E-05,-3.24E-05,-9.56E-05,-3.64E-05,-3.64E-05,-2.85E-05,-4.74E-05,-6.85E-05,-8.12E-05,1.55E-05,-2.54E-05,,,,,,,,,,
2291.501,-1.10E-04,-7.84E-05,-1.37E-05,-3.40E-05,-8.06E-05,-4.25E-05,-4.32E-05,-1.01E-04,-4.04E-05,-4.04E-05,-5.11E-05,-5.15E-05,-8.13E-05,-1.03E-04,7.44E-07,-3.35E-05,,,,,,,,,,
2291.983,-1.17E-04,-7.28E-05,-2.36E-05,-5.26E-05,-7.20E-05,-4.93E-05,-4.91E-05,-9.77E-05,-4.06E-05,-4.06E-05,-6.65E-05,-5.21E-05,-8.78E-05,-1.12E-04,-9.92E-06,-3.96E-05,,,,,,,,,,
2292.465,-1.23E-04,-6.75E-05,-3.52E-05,-6.94E-05,-6.20E-05,-5.69E-05,-5.47E-05,-9.08E-05,-4.35E-05,-4.35E-05,-7.63E-05,-5.41E-05,-9.32E-05,-1.13E-04,-1.99E-05,-4.75E-05,,,,,,,,,,
2292.948,-1.32E-04,-6.89E-05,-5.20E-05,-8.79E-05,-5.69E-05,-7.01E-05,-6.47E-05,-8.56E-05,-5.50E-05,-5.50E-05,-8.34E-05,-6.26E-05,-1.03E-04,-1.12E-04,-3.24E-05,-6.04E-05,,,,,,,,,,
2293.43,-1.21E-04,-5.68E-05,-5.12E-05,-8.60E-05,-3.62E-05,-6.69E-05,-5.80E-05,-6.14E-05,-5.33E-05,-5.33E-05,-6.68E-05,-5.57E-05,-9.46E-05,-8.98E-05,-2.61E-05,-5.60E-05,,,,,,,,,,
2293.912,-1.19E-04,-5.96E-05,-5.97E-05,-9.18E-05,-2.90E-05,-7.45E-05,-6.29E-05,-4.82E-05,-6.58E-05,-6.58E-05,-5.65E-05,-6.10E-05,-9.72E-05,-7.67E-05,-2.91E-05,-6.15E-05,,,,,,,,,,
2294.394,-1.15E-04,-6.45E-05,-6.46E-05,-9.32E-05,-2.33E-05,-7.94E-05,-6.76E-05,-3.56E-05,-7.83E-05,-7.83E-05,-4.35E-05,-6.47E-05,-9.71E-05,-6.34E-05,-2.95E-05,-6.41E-05,,,,,,,,,,
2294.876,-1.08E-04,-6.86E-05,-6.34E-05,-8.95E-05,-1.76E-05,-7.91E-05,-7.07E-05,-2.41E-05,-8.68E-05,-8.68E-05,-2.93E-05,-6.41E-05,-9.20E-05,-5.00E-05,-2.60E-05,-6.17E-05,,,,,,,,,,
2295.358,-1.09E-04,-8.00E-05,-6.58E-05,-9.11E-05,-2.11E-05,-8.28E-05,-8.15E-05,-2.48E-05,-1.00E-04,-1.00E-04,-2.56E-05,-6.75E-05,-9.12E-05,-4.74E-05,-2.80E-05,-6.39E-05,,,,,,,,,,
2295.84,-1.09E-04,-8.79E-05,-6.27E-05,-8.95E-05,-2.00E-05,-8.13E-05,-8.99E-05,-3.00E-05,-1.08E-04,-1.08E-04,-2.00E-05,-6.51E-05,-8.58E-05,-4.66E-05,-3.00E-05,-6.14E-05,,,,,,,,,,
2296.322,-1.18E-04,-1.03E-04,-6.63E-05,-9.66E-05,-4.00E-05,-8.69E-05,-1.06E-04,-5.00E-05,-1.21E-04,-1.21E-04,-3.00E-05,-6.87E-05,-8.81E-05,-5.86E-05,-3.00E-05,-6.59E-05,,,,,,,,,,
2296.804,-1.18E-04,-1.06E-04,-6.00E-05,-9.41E-05,-4.00E-05,-8.16E-05,-1.11E-04,-5.00E-05,-1.23E-04,-1.23E-04,-3.00E-05,-6.10E-05,-8.08E-05,-6.43E-05,-2.00E-05,-6.00E-05,,,,,,,,,,
2297.287,-1.30E-04,-1.18E-04,-6.00E-05,-1.03E-04,-6.00E-05,-8.76E-05,-1.24E-04,-8.00E-05,-1.35E-04,-1.35E-04,-4.00E-05,-6.00E-05,-8.60E-05,-8.38E-05,-2.00E-05,-6.00E-05,,,,,,,,,,
2297.769,-1.35E-04,-1.23E-04,-6.00E-05,-1.04E-04,-7.00E-05,-9.00E-05,-1.26E-04,-9.00E-05,-1.38E-04,-1.38E-04,-4.00E-05,-6.00E-05,-8.00E-05,-9.66E-05,-2.00E-05,-6.00E-05,,,,,,,,,,
2298.251,-1.43E-04,-1.28E-04,-6.00E-05,-1.06E-04,-8.00E-05,-9.00E-05,-1.27E-04,-9.00E-05,-1.41E-04,-1.41E-04,-4.00E-05,-6.00E-05,-9.00E-05,-1.11E-04,-1.00E-05,-6.00E-05,,,,,,,,,,
2298.733,-1.45E-04,-1.27E-04,-6.00E-05,-1.00E-04,-8.00E-05,-8.00E-05,-1.17E-04,-9.00E-05,-1.32E-04,-1.32E-04,-2.00E-05,-6.00E-05,-8.00E-05,-1.16E-04,0.00E+00,-5.00E-05,,,,,,,,,,
2299.215,-1.48E-04,-1.27E-04,-6.00E-05,-9.00E-05,-8.00E-05,-7.00E-05,-1.08E-04,-9.00E-05,-1.21E-04,-1.21E-04,-1.00E-05,-6.00E-05,-8.00E-05,-1.21E-04,1.00E-05,-5.00E-05,,,,,,,,,,
2299.697,-1.53E-04,-1.29E-04,-6.00E-05,-9.00E-05,-8.00E-05,-7.00E-05,-1.03E-04,-8.00E-05,-1.08E-04,-1.08E-04,-1.00E-05,-6.00E-05,-7.00E-05,-1.23E-04,0.00E+00,-5.00E-05,,,,,,,,,,
2300.179,-1.47E-04,-1.22E-04,-5.00E-05,-8.00E-05,-7.00E-05,-6.00E-05,-9.16E-05,-7.00E-05,-9.00E-05,-9.00E-05,0.00E+00,-5.00E-05,-6.00E-05,-1.15E-04,1.00E-05,-3.00E-05,,,,,,,,,,
2300.661,-1.40E-04,-1.16E-04,-4.00E-05,-7.00E-05,-7.00E-05,-6.00E-05,-8.56E-05,-6.00E-05,-7.00E-05,-7.00E-05,1.00E-05,-3.00E-05,-4.00E-05,-1.06E-04,1.00E-05,-2.00E-05,,,,,,,,,,
2301.144,-1.29E-04,-1.10E-04,-3.00E-05,-6.00E-05,-7.48E-05,-6.00E-05,-8.38E-05,-6.00E-05,-5.00E-05,-5.00E-05,1.00E-05,-2.00E-05,-3.00E-05,-9.77E-05,1.00E-05,0.00E+00,,,,,,,,,,
2301.625,-1.24E-04,-1.14E-04,-2.00E-05,-7.00E-05,-8.98E-05,-7.00E-05,-9.39E-05,-6.00E-05,-5.00E-05,-5.00E-05,-1.00E-05,-1.00E-05,-3.00E-05,-9.94E-05,-1.00E-05,0.00E+00,,,,,,,,,,
2302.108,-1.15E-04,-1.16E-04,-2.00E-05,-7.00E-05,-1.05E-04,-7.38E-05,-1.03E-04,-7.11E-05,-6.00E-05,-6.00E-05,-2.00E-05,0.00E+00,-2.00E-05,-1.00E-04,-1.00E-05,0.00E+00,,,,,,,,,,
2302.59,-1.14E-04,-1.27E-04,-3.00E-05,-7.00E-05,-1.28E-04,-8.90E-05,-1.18E-04,-8.49E-05,-7.00E-05,-7.00E-05,-3.00E-05,-1.00E-05,-3.00E-05,-1.08E-04,-3.00E-05,-1.00E-05,,,,,,,,,,
2303.072,-1.11E-04,-1.35E-04,-4.00E-05,-7.00E-05,-1.45E-04,-9.93E-05,-1.28E-04,-9.28E-05,-9.00E-05,-9.00E-05,-5.00E-05,-2.00E-05,-4.00E-05,-1.11E-04,-4.00E-05,-2.00E-05,,,,,,,,,,
2303.554,-1.20E-04,-1.52E-04,-5.00E-05,-8.00E-05,-1.65E-04,-1.14E-04,-1.43E-04,-1.00E-04,-1.10E-04,-1.10E-04,-6.00E-05,-4.00E-05,-5.00E-05,-1.19E-04,-5.00E-05,-3.00E-05,,,,,,,,,,
2304.036,-1.22E-04,-1.58E-04,-5.00E-05,-6.00E-05,-1.68E-04,-1.20E-04,-1.45E-04,-1.00E-04,-1.10E-04,-1.10E-04,-7.00E-05,-5.00E-05,-5.00E-05,-1.10E-04,-4.00E-05,-4.00E-05,,,,,,,,,,
2304.518,-1.30E-04,-1.62E-04,-5.00E-05,-5.00E-05,-1.65E-04,-1.10E-04,-1.45E-04,-9.00E-05,-1.10E-04,-1.10E-04,-7.00E-05,-6.00E-05,-5.00E-05,-1.00E-04,-4.00E-05,-4.00E-05,,,,,,,,,,
2305,-1.40E-04,-1.65E-04,-5.00E-05,-4.00E-05,-1.61E-04,-1.10E-04,-1.47E-04,-8.00E-05,-1.00E-04,-1.00E-04,-7.00E-05,-8.00E-05,-5.00E-05,-8.00E-05,-4.00E-05,-4.00E-05,,,,,,,,,,
2305.482,-1.42E-04,-1.58E-04,-5.00E-05,-3.00E-05,-1.46E-04,-1.00E-04,-1.43E-04,-7.00E-05,-9.00E-05,-9.00E-05,-7.00E-05,-8.00E-05,-5.00E-05,-6.00E-05,-2.00E-05,-4.00E-05,,,,,,,,,,
2305.965,-1.57E-04,-1.60E-04,-6.00E-05,-3.00E-05,-1.40E-04,-1.10E-04,-1.52E-04,-6.00E-05,-9.00E-05,-9.00E-05,-7.00E-05,-9.00E-05,-5.00E-05,-6.00E-05,-3.00E-05,-4.00E-05,,,,,,,,,,
2306.447,-1.72E-04,-1.63E-04,-7.00E-05,-5.00E-05,-1.50E-04,-1.20E-04,-1.64E-04,-6.00E-05,-1.00E-04,-1.00E-04,-8.00E-05,-9.00E-05,-6.00E-05,-6.00E-05,-3.00E-05,-4.00E-05,,,,,,,,,,
2306.929,-1.87E-04,-1.70E-04,-9.00E-05,-7.00E-05,-1.50E-04,-1.30E-04,-1.77E-04,-6.00E-05,-1.10E-04,-1.10E-04,-9.00E-05,-1.00E-04,-7.00E-05,-7.00E-05,-4.00E-05,-5.00E-05,,,,,,,,,,
2307.411,-2.00E-04,-1.70E-04,-1.10E-04,-9.00E-05,-1.60E-04,-1.50E-04,-1.90E-04,-7.00E-05,-1.30E-04,-1.30E-04,-1.10E-04,-1.10E-04,-8.00E-05,-9.00E-05,-4.00E-05,-7.00E-05,,,,,,,,,,
2307.893,-2.09E-04,-1.80E-04,-1.30E-04,-1.20E-04,-1.60E-04,-1.60E-04,-2.00E-04,-8.00E-05,-1.50E-04,-1.50E-04,-1.20E-04,-1.20E-04,-1.00E-04,-1.10E-04,-5.00E-05,-9.00E-05,,,,,,,,,,
2308.375,-2.04E-04,-1.80E-04,-1.40E-04,-1.30E-04,-1.60E-04,-1.70E-04,-1.97E-04,-8.00E-05,-1.60E-04,-1.60E-04,-1.30E-04,-1.10E-04,-1.00E-04,-1.30E-04,-4.00E-05,-1.00E-04,,,,,,,,,,
2308.857,-2.04E-04,-1.90E-04,-1.60E-04,-1.50E-04,-1.60E-04,-1.90E-04,-2.00E-04,-9.00E-05,-1.70E-04,-1.70E-04,-1.30E-04,-1.20E-04,-1.10E-04,-1.40E-04,-4.00E-05,-1.20E-04,,,,,,,,,,
2309.339,-2.00E-04,-2.00E-04,-1.70E-04,-1.60E-04,-1.70E-04,-2.00E-04,-2.00E-04,-1.00E-04,-1.80E-04,-1.80E-04,-1.40E-04,-1.30E-04,-1.10E-04,-1.50E-04,-4.00E-05,-1.40E-04,,,,,,,,,,
2309.822,-1.90E-04,-2.10E-04,-1.80E-04,-1.60E-04,-1.70E-04,-2.00E-04,-1.90E-04,-1.20E-04,-1.90E-04,-1.90E-04,-1.40E-04,-1.30E-04,-1.10E-04,-1.50E-04,-4.00E-05,-1.50E-04,,,,,,,,,,
2310.304,-1.90E-04,-2.10E-04,-1.80E-04,-1.60E-04,-1.70E-04,-2.10E-04,-1.90E-04,-1.30E-04,-1.80E-04,-1.80E-04,-1.30E-04,-1.20E-04,-1.10E-04,-1.30E-04,-3.00E-05,-1.60E-04,,,,,,,,,,
2310.786,-1.90E-04,-2.20E-04,-1.90E-04,-1.60E-04,-1.80E-04,-2.20E-04,-1.90E-04,-1.40E-04,-1.80E-04,-1.80E-04,-1.30E-04,-1.20E-04,-1.10E-04,-1.20E-04,-4.00E-05,-1.70E-04,,,,,,,,,,
2311.268,-1.90E-04,-2.20E-04,-1.90E-04,-1.50E-04,-1.80E-04,-2.10E-04,-1.80E-04,-1.50E-04,-1.70E-04,-1.70E-04,-1.30E-04,-1.10E-04,-1.00E-04,-1.00E-04,-4.00E-05,-1.70E-04,,,,,,,,,,
2311.75,-2.10E-04,-2.20E-04,-2.00E-04,-1.60E-04,-1.90E-04,-2.20E-04,-1.90E-04,-1.70E-04,-1.60E-04,-1.60E-04,-1.30E-04,-1.10E-04,-1.00E-04,-8.00E-05,-6.00E-05,-1.70E-04,,,,,,,,,,
2312.232,-2.20E-04,-2.20E-04,-1.90E-04,-1.70E-04,-1.90E-04,-2.20E-04,-1.80E-04,-1.80E-04,-1.40E-04,-1.40E-04,-1.30E-04,-1.00E-04,-1.00E-04,-7.00E-05,-6.00E-05,-1.70E-04,,,,,,,,,,
2312.714,-2.20E-04,-2.20E-04,-1.80E-04,-1.70E-04,-1.80E-04,-2.20E-04,-1.70E-04,-1.70E-04,-1.20E-04,-1.20E-04,-1.20E-04,-9.00E-05,-9.00E-05,-6.00E-05,-6.00E-05,-1.50E-04,,,,,,,,,,
2313.196,-2.40E-04,-2.20E-04,-1.80E-04,-1.90E-04,-1.90E-04,-2.30E-04,-1.80E-04,-1.80E-04,-1.20E-04,-1.20E-04,-1.30E-04,-9.00E-05,-9.00E-05,-6.00E-05,-8.00E-05,-1.50E-04,,,,,,,,,,
2313.678,-2.30E-04,-2.10E-04,-1.60E-04,-2.00E-04,-1.80E-04,-2.20E-04,-1.70E-04,-1.60E-04,-1.10E-04,-1.10E-04,-1.10E-04,-9.00E-05,-8.00E-05,-5.00E-05,-7.00E-05,-1.30E-04,,,,,,,,,,
2314.161,-2.30E-04,-2.10E-04,-1.60E-04,-2.10E-04,-1.80E-04,-2.30E-04,-1.70E-04,-1.50E-04,-1.20E-04,-1.20E-04,-9.00E-05,-9.00E-05,-7.00E-05,-5.00E-05,-8.00E-05,-1.30E-04,,,,,,,,,,
2314.643,-2.20E-04,-2.10E-04,-1.50E-04,-2.10E-04,-1.70E-04,-2.20E-04,-1.70E-04,-1.30E-04,-1.20E-04,-1.20E-04,-7.00E-05,-8.00E-05,-5.00E-05,-5.00E-05,-7.00E-05,-1.10E-04,,,,,,,,,,
2315.125,-2.10E-04,-2.00E-04,-1.50E-04,-2.00E-04,-1.60E-04,-2.10E-04,-1.60E-04,-1.10E-04,-1.30E-04,-1.30E-04,-5.00E-05,-8.00E-05,-3.00E-05,-4.00E-05,-6.00E-05,-1.00E-04,,,,,,,,,,
2315.607,-2.00E-04,-1.90E-04,-1.50E-04,-2.00E-04,-1.50E-04,-2.00E-04,-1.60E-04,-1.00E-04,-1.20E-04,-1.20E-04,-3.00E-05,-7.00E-05,-1.00E-05,-4.00E-05,-5.00E-05,-8.00E-05,,,,,,,,,,
2316.089,-2.00E-04,-1.90E-04,-1.60E-04,-2.00E-04,-1.50E-04,-2.00E-04,-1.60E-04,-1.10E-04,-1.30E-04,-1.30E-04,-3.00E-05,-8.00E-05,1.00E-05,-4.00E-05,-6.00E-05,-7.00E-05,,,,,,,,,,
2316.571,-1.90E-04,-1.90E-04,-1.60E-04,-1.90E-04,-1.40E-04,-1.80E-04,-1.50E-04,-1.10E-04,-1.20E-04,-1.20E-04,-2.00E-05,-7.00E-05,3.00E-05,-4.00E-05,-5.00E-05,-5.00E-05,,,,,,,,,,
2317.053,-1.80E-04,-1.80E-04,-1.50E-04,-1.80E-04,-1.30E-04,-1.80E-04,-1.50E-04,-1.10E-04,-1.00E-04,-1.00E-04,0.00E+00,-6.00E-05,5.00E-05,-4.00E-05,-3.00E-05,-3.00E-05,,,,,,,,,,
2317.535,-1.80E-04,-1.90E-04,-1.60E-04,-1.80E-04,-1.40E-04,-1.80E-04,-1.40E-04,-1.30E-04,-1.00E-04,-1.00E-04,0.00E+00,-6.00E-05,5.00E-05,-4.00E-05,-3.00E-05,-2.00E-05,,,,,,,,,,
2318.018,-1.80E-04,-1.90E-04,-1.60E-04,-1.80E-04,-1.40E-04,-1.90E-04,-1.40E-04,-1.40E-04,-9.00E-05,-9.00E-05,-1.00E-05,-5.00E-05,5.00E-05,-5.00E-05,-3.00E-05,-1.00E-05,,,,,,,,,,
2318.5,-1.80E-04,-2.00E-04,-1.50E-04,-1.80E-04,-1.40E-04,-1.90E-04,-1.40E-04,-1.40E-04,-9.00E-05,-9.00E-05,-1.00E-05,-5.00E-05,5.00E-05,-6.00E-05,-2.00E-05,0.00E+00,,,,,,,,,,
2318.982,-1.80E-04,-2.00E-04,-1.40E-04,-1.80E-04,-1.50E-04,-2.00E-04,-1.40E-04,-1.50E-04,-8.00E-05,-8.00E-05,-1.00E-05,-4.00E-05,4.00E-05,-6.00E-05,-1.00E-05,0.00E+00,,,,,,,,,,
2319.464,-1.80E-04,-2.10E-04,-1.30E-04,-1.80E-04,-1.60E-04,-2.10E-04,-1.40E-04,-1.50E-04,-8.00E-05,-8.00E-05,-2.00E-05,-3.00E-05,2.00E-05,-7.00E-05,-1.00E-05,-1.00E-05,,,,,,,,,,
2319.946,-2.00E-04,-2.20E-04,-1.40E-04,-1.90E-04,-1.80E-04,-2.20E-04,-1.50E-04,-1.60E-04,-8.00E-05,-8.00E-05,-4.00E-05,-4.00E-05,0.00E+00,-8.00E-05,-1.00E-05,-3.00E-05,,,,,,,,,,
2320.428,-2.00E-04,-2.20E-04,-1.40E-04,-1.90E-04,-1.90E-04,-2.30E-04,-1.60E-04,-1.60E-04,-8.00E-05,-8.00E-05,-5.00E-05,-4.00E-05,-2.00E-05,-8.00E-05,-1.00E-05,-4.00E-05,,,,,,,,,,
2320.91,-2.00E-04,-2.10E-04,-1.30E-04,-1.80E-04,-2.00E-04,-2.20E-04,-1.70E-04,-1.50E-04,-7.00E-05,-7.00E-05,-5.00E-05,-3.00E-05,-2.00E-05,-6.00E-05,-1.00E-05,-4.00E-05,,,,,,,,,,
2321.392,-2.10E-04,-1.90E-04,-1.30E-04,-1.70E-04,-2.00E-04,-2.20E-04,-1.70E-04,-1.50E-04,-7.00E-05,-7.00E-05,-4.00E-05,-3.00E-05,-3.00E-05,-4.00E-05,-1.00E-05,-4.00E-05,,,,,,,,,,
2321.875,-2.20E-04,-1.90E-04,-1.50E-04,-1.70E-04,-2.10E-04,-2.20E-04,-1.80E-04,-1.50E-04,-7.00E-05,-7.00E-05,-4.00E-05,-4.00E-05,-4.00E-05,-3.00E-05,-2.00E-05,-4.00E-05,,,,,,,,,,
2322.357,-2.20E-04,-1.70E-04,-1.50E-04,-1.70E-04,-2.10E-04,-2.10E-04,-1.90E-04,-1.40E-04,-8.00E-05,-8.00E-05,-3.00E-05,-4.00E-05,-3.00E-05,-1.00E-05,-2.00E-05,-3.00E-05,,,,,,,,,,
2322.839,-2.09E-04,-1.50E-04,-1.50E-04,-1.50E-04,-2.00E-04,-1.90E-04,-1.80E-04,-1.20E-04,-8.00E-05,-8.00E-05,-1.00E-05,-3.00E-05,-2.00E-05,2.00E-05,0.00E+00,0.00E+00,,,,,,,,,,
2323.321,-2.08E-04,-1.40E-04,-1.50E-04,-1.50E-04,-1.93E-04,-1.90E-04,-1.90E-04,-1.10E-04,-9.00E-05,-9.00E-05,0.00E+00,-3.00E-05,-1.00E-05,5.00E-05,0.00E+00,1.00E-05,,,,,,,,,,
2323.803,-2.07E-04,-1.40E-04,-1.50E-04,-1.50E-04,-1.85E-04,-1.80E-04,-1.86E-04,-1.00E-04,-1.00E-04,-1.00E-04,0.00E+00,-3.00E-05,-1.00E-05,7.00E-05,1.00E-05,2.00E-05,,,,,,,,,,
2324.285,-2.07E-04,-1.40E-04,-1.40E-04,-1.50E-04,-1.77E-04,-1.70E-04,-1.82E-04,-9.00E-05,-1.10E-04,-1.10E-04,-1.00E-05,-3.00E-05,-1.00E-05,8.00E-05,1.00E-05,4.00E-05,,,,,,,,,,
2324.767,-2.16E-04,-1.50E-04,-1.50E-04,-1.50E-04,-1.79E-04,-1.60E-04,-1.82E-04,-1.00E-04,-1.20E-04,-1.20E-04,-2.00E-05,-4.00E-05,-2.00E-05,9.00E-05,1.00E-05,4.00E-05,,,,,,,,,,
2325.249,-2.24E-04,-1.71E-04,-1.40E-04,-1.50E-04,-1.79E-04,-1.60E-04,-1.76E-04,-1.00E-04,-1.30E-04,-1.30E-04,-4.00E-05,-4.00E-05,-2.00E-05,8.00E-05,0.00E+00,3.00E-05,,,,,,,,,,
2325.731,-2.29E-04,-1.85E-04,-1.40E-04,-1.50E-04,-1.78E-04,-1.60E-04,-1.60E-04,-1.10E-04,-1.30E-04,-1.30E-04,-5.00E-05,-4.00E-05,-2.00E-05,8.00E-05,0.00E+00,3.00E-05,,,,,,,,,,
2326.214,-2.40E-04,-2.04E-04,-1.50E-04,-1.40E-04,-1.84E-04,-1.60E-04,-1.60E-04,-1.20E-04,-1.40E-04,-1.40E-04,-6.00E-05,-5.00E-05,-3.00E-05,7.00E-05,-1.00E-05,1.00E-05,,,,,,,,,,
2326.696,-2.58E-04,-2.29E-04,-1.70E-04,-1.50E-04,-2.00E-04,-1.80E-04,-1.70E-04,-1.30E-04,-1.50E-04,-1.50E-04,-8.00E-05,-6.00E-05,-4.00E-05,4.00E-05,-3.00E-05,-1.00E-05,,,,,,,,,,
2327.178,-2.53E-04,-2.29E-04,-1.70E-04,-1.40E-04,-1.90E-04,-1.80E-04,-1.60E-04,-1.30E-04,-1.40E-04,-1.40E-04,-8.00E-05,-5.00E-05,-2.00E-05,3.00E-05,-3.00E-05,-2.00E-05,,,,,,,,,,
2327.66,-2.58E-04,-2.38E-04,-1.90E-04,-1.50E-04,-2.00E-04,-1.90E-04,-1.70E-04,-1.30E-04,-1.40E-04,-1.40E-04,-8.00E-05,-6.00E-05,-3.00E-05,1.00E-05,-4.00E-05,-4.00E-05,,,,,,,,,,
2328.142,-2.56E-04,-2.38E-04,-2.00E-04,-1.50E-04,-2.00E-04,-1.90E-04,-1.80E-04,-1.30E-04,-1.30E-04,-1.30E-04,-9.00E-05,-5.00E-05,-2.00E-05,0.00E+00,-4.00E-05,-5.00E-05,,,,,,,,,,
2328.624,-2.58E-04,-2.42E-04,-2.12E-04,-1.60E-04,-2.10E-04,-2.10E-04,-2.00E-04,-1.40E-04,-1.40E-04,-1.40E-04,-1.00E-04,-6.00E-05,-3.00E-05,-2.00E-05,-4.00E-05,-6.00E-05,,,,,,,,,,
2329.106,-2.67E-04,-2.50E-04,-2.28E-04,-1.80E-04,-2.18E-04,-2.24E-04,-2.25E-04,-1.50E-04,-1.50E-04,-1.50E-04,-1.10E-04,-6.00E-05,-4.00E-05,-4.00E-05,-5.00E-05,-6.00E-05,,,,,,,,,,
2329.588,-2.71E-04,-2.50E-04,-2.32E-04,-2.00E-04,-2.27E-04,-2.36E-04,-2.41E-04,-1.60E-04,-1.50E-04,-1.50E-04,-1.30E-04,-6.00E-05,-4.00E-05,-5.00E-05,-5.00E-05,-6.00E-05,,,,,,,,,,
2330.071,-2.88E-04,-2.60E-04,-2.44E-04,-2.21E-04,-2.48E-04,-2.61E-04,-2.62E-04,-1.80E-04,-1.70E-04,-1.70E-04,-1.50E-04,-8.00E-05,-6.00E-05,-8.00E-05,-6.00E-05,-6.00E-05,,,,,,,,,,
2330.552,-3.05E-04,-2.68E-04,-2.49E-04,-2.44E-04,-2.71E-04,-2.86E-04,-2.76E-04,-2.00E-04,-1.90E-04,-1.90E-04,-1.70E-04,-9.00E-05,-7.00E-05,-1.00E-04,-6.00E-05,-6.00E-05,,,,,,,,,,
2331.035,-3.19E-04,-2.71E-04,-2.49E-04,-2.62E-04,-2.92E-04,-3.10E-04,-2.82E-04,-2.15E-04,-1.90E-04,-1.90E-04,-1.90E-04,-1.10E-04,-8.00E-05,-1.20E-04,-6.00E-05,-6.00E-05,,,,,,,,,,
2331.517,-3.30E-04,-2.70E-04,-2.43E-04,-2.74E-04,-3.10E-04,-3.30E-04,-2.80E-04,-2.24E-04,-2.00E-04,-2.00E-04,-2.06E-04,-1.20E-04,-8.00E-05,-1.30E-04,-6.00E-05,-5.00E-05,,,,,,,,,,
2331.999,-3.47E-04,-2.75E-04,-2.43E-04,-2.89E-04,-3.32E-04,-3.54E-04,-2.84E-04,-2.36E-04,-2.00E-04,-2.00E-04,-2.21E-04,-1.40E-04,-9.00E-05,-1.50E-04,-6.00E-05,-5.00E-05,,,,,,,,,,
2332.481,-3.51E-04,-2.70E-04,-2.33E-04,-2.89E-04,-3.38E-04,-3.61E-04,-2.75E-04,-2.33E-04,-1.90E-04,-1.90E-04,-2.16E-04,-1.60E-04,-9.00E-05,-1.50E-04,-5.00E-05,-4.00E-05,,,,,,,,,,
2332.963,-3.42E-04,-2.55E-04,-2.16E-04,-2.75E-04,-3.28E-04,-3.52E-04,-2.55E-04,-2.18E-04,-1.70E-04,-1.70E-04,-1.90E-04,-1.60E-04,-7.00E-05,-1.30E-04,-3.00E-05,-2.00E-05,,,,,,,,,,
2333.445,-3.43E-04,-2.52E-04,-2.12E-04,-2.69E-04,-3.23E-04,-3.45E-04,-2.45E-04,-2.12E-04,-1.60E-04,-1.60E-04,-1.70E-04,-1.60E-04,-7.00E-05,-1.30E-04,-3.00E-05,-1.00E-05,,,,,,,,,,
2333.927,-3.43E-04,-2.53E-04,-2.13E-04,-2.61E-04,-3.15E-04,-3.33E-04,-2.36E-04,-2.07E-04,-1.60E-04,-1.60E-04,-1.50E-04,-1.70E-04,-6.00E-05,-1.30E-04,-3.00E-05,0.00E+00,,,,,,,,,,
2334.409,-3.33E-04,-2.46E-04,-2.07E-04,-2.44E-04,-2.94E-04,-3.08E-04,-2.16E-04,-1.93E-04,-1.50E-04,-1.50E-04,-1.20E-04,-1.60E-04,-5.00E-05,-1.10E-04,-3.00E-05,1.00E-05,,,,,,,,,,
2334.892,-3.30E-04,-2.50E-04,-2.13E-04,-2.36E-04,-2.81E-04,-2.91E-04,-2.07E-04,-1.92E-04,-1.50E-04,-1.50E-04,-1.00E-04,-1.60E-04,-6.00E-05,-1.10E-04,-3.00E-05,1.00E-05,,,,,,,,,,
2335.374,-3.25E-04,-2.53E-04,-2.19E-04,-2.28E-04,-2.68E-04,-2.74E-04,-1.98E-04,-1.92E-04,-1.50E-04,-1.50E-04,-8.00E-05,-1.50E-04,-6.00E-05,-1.00E-04,-3.00E-05,1.00E-05,,,,,,,,,,
2335.856,-3.17E-04,-2.55E-04,-2.21E-04,-2.19E-04,-2.55E-04,-2.61E-04,-1.91E-04,-1.92E-04,-1.50E-04,-1.50E-04,-7.00E-05,-1.40E-04,-6.00E-05,-1.00E-04,-2.00E-05,0.00E+00,,,,,,,,,,
2336.338,-3.06E-04,-2.55E-04,-2.19E-04,-2.08E-04,-2.40E-04,-2.51E-04,-1.90E-04,-1.92E-04,-1.50E-04,-1.50E-04,-6.00E-05,-1.20E-04,-6.00E-05,-9.00E-05,-1.00E-05,0.00E+00,,,,,,,,,,
2336.82,-3.04E-04,-2.63E-04,-2.23E-04,-2.06E-04,-2.36E-04,-2.57E-04,-1.90E-04,-2.00E-04,-1.50E-04,-1.50E-04,-6.00E-05,-1.20E-04,-7.00E-05,-1.00E-04,-1.00E-05,-1.00E-05,,,,,,,,,,
2337.302,-2.94E-04,-2.60E-04,-2.16E-04,-2.00E-04,-2.21E-04,-2.59E-04,-1.90E-04,-2.00E-04,-1.50E-04,-1.50E-04,-6.00E-05,-1.10E-04,-7.00E-05,-9.00E-05,1.00E-05,-1.00E-05,,,,,,,,,,
2337.784,-2.88E-04,-2.59E-04,-2.11E-04,-1.90E-04,-2.08E-04,-2.66E-04,-1.90E-04,-1.90E-04,-1.50E-04,-1.50E-04,-7.00E-05,-1.10E-04,-7.00E-05,-8.00E-05,2.00E-05,-2.00E-05,,,,,,,,,,
2338.266,-2.87E-04,-2.60E-04,-2.09E-04,-1.80E-04,-2.00E-04,-2.78E-04,-2.00E-04,-1.90E-04,-1.50E-04,-1.50E-04,-7.00E-05,-1.10E-04,-7.00E-05,-8.00E-05,2.00E-05,-2.00E-05,,,,,,,,,,
2338.749,-2.91E-04,-2.64E-04,-2.11E-04,-1.80E-04,-1.90E-04,-2.91E-04,-2.00E-04,-1.80E-04,-1.50E-04,-1.50E-04,-8.00E-05,-1.10E-04,-8.00E-05,-8.00E-05,1.00E-05,-3.00E-05,,,,,,,,,,
2339.231,-2.99E-04,-2.71E-04,-2.18E-04,-1.90E-04,-1.90E-04,-3.04E-04,-2.05E-04,-1.80E-04,-1.50E-04,-1.50E-04,-1.00E-04,-1.30E-04,-8.00E-05,-9.00E-05,-1.00E-05,-4.00E-05,,,,,,,,,,
2339.713,-2.97E-04,-2.67E-04,-2.17E-04,-1.95E-04,-1.80E-04,-3.02E-04,-2.00E-04,-1.70E-04,-1.40E-04,-1.40E-04,-1.00E-04,-1.30E-04,-8.00E-05,-9.00E-05,-2.00E-05,-4.00E-05,,,,,,,,,,
2340.195,-3.05E-04,-2.71E-04,-2.26E-04,-2.10E-04,-1.80E-04,-3.04E-04,-2.07E-04,-1.80E-04,-1.50E-04,-1.50E-04,-1.10E-04,-1.40E-04,-9.00E-05,-1.00E-04,-4.00E-05,-4.00E-05,,,,,,,,,,
2340.677,-3.12E-04,-2.72E-04,-2.32E-04,-2.24E-04,-1.80E-04,-2.98E-04,-2.14E-04,-1.80E-04,-1.50E-04,-1.50E-04,-1.20E-04,-1.50E-04,-1.00E-04,-1.10E-04,-5.00E-05,-4.00E-05,,,,,,,,,,
2341.159,-3.25E-04,-2.79E-04,-2.43E-04,-2.43E-04,-1.90E-04,-2.95E-04,-2.32E-04,-2.01E-04,-1.60E-04,-1.60E-04,-1.30E-04,-1.70E-04,-1.10E-04,-1.20E-04,-7.00E-05,-5.00E-05,,,,,,,,,,
2341.641,-3.27E-04,-2.73E-04,-2.41E-04,-2.46E-04,-2.00E-04,-2.77E-04,-2.40E-04,-2.07E-04,-1.60E-04,-1.60E-04,-1.30E-04,-1.60E-04,-1.10E-04,-1.30E-04,-7.00E-05,-5.00E-05,,,,,,,,,,
2342.123,-3.37E-04,-2.76E-04,-2.46E-04,-2.53E-04,-2.10E-04,-2.68E-04,-2.56E-04,-2.23E-04,-1.70E-04,-1.70E-04,-1.40E-04,-1.60E-04,-1.10E-04,-1.40E-04,-8.00E-05,-6.00E-05,,,,,,,,,,
2342.605,-3.47E-04,-2.80E-04,-2.51E-04,-2.55E-04,-2.21E-04,-2.62E-04,-2.71E-04,-2.36E-04,-1.80E-04,-1.80E-04,-1.50E-04,-1.60E-04,-1.20E-04,-1.50E-04,-8.00E-05,-7.00E-05,,,,,,,,,,
2343.088,-3.46E-04,-2.77E-04,-2.47E-04,-2.46E-04,-2.27E-04,-2.51E-04,-2.75E-04,-2.36E-04,-1.80E-04,-1.80E-04,-1.50E-04,-1.50E-04,-1.10E-04,-1.50E-04,-8.00E-05,-8.00E-05,,,,,,,,,,
2343.57,-3.46E-04,-2.79E-04,-2.43E-04,-2.39E-04,-2.36E-04,-2.48E-04,-2.77E-04,-2.33E-04,-1.80E-04,-1.80E-04,-1.60E-04,-1.30E-04,-1.00E-04,-1.50E-04,-8.00E-05,-9.00E-05,,,,,,,,,,
2344.052,-3.45E-04,-2.86E-04,-2.40E-04,-2.34E-04,-2.47E-04,-2.52E-04,-2.78E-04,-2.28E-04,-1.80E-04,-1.80E-04,-1.70E-04,-1.30E-04,-1.00E-04,-1.50E-04,-9.00E-05,-1.00E-04,,,,,,,,,,
2344.534,-3.34E-04,-2.85E-04,-2.27E-04,-2.22E-04,-2.50E-04,-2.51E-04,-2.66E-04,-2.10E-04,-1.70E-04,-1.70E-04,-1.70E-04,-1.20E-04,-9.00E-05,-1.30E-04,-8.00E-05,-1.00E-04,,,,,,,,,,
2345.016,-3.24E-04,-2.84E-04,-2.11E-04,-2.14E-04,-2.51E-04,-2.53E-04,-2.53E-04,-1.90E-04,-1.60E-04,-1.60E-04,-1.70E-04,-1.10E-04,-9.00E-05,-1.10E-04,-9.00E-05,-1.00E-04,,,,,,,,,,
2345.498,-3.05E-04,-2.70E-04,-1.82E-04,-1.97E-04,-2.39E-04,-2.44E-04,-2.28E-04,-1.60E-04,-1.50E-04,-1.50E-04,-1.60E-04,-1.10E-04,-9.00E-05,-9.00E-05,-8.00E-05,-9.00E-05,,,,,,,,,,
2345.98,-2.88E-04,-2.52E-04,-1.50E-04,-1.80E-04,-2.24E-04,-2.32E-04,-2.01E-04,-1.30E-04,-1.40E-04,-1.40E-04,-1.40E-04,-1.00E-04,-9.00E-05,-6.00E-05,-6.00E-05,-8.00E-05,,,,,,,,,,
2346.462,-2.72E-04,-2.31E-04,-1.20E-04,-1.63E-04,-2.05E-04,-2.16E-04,-1.73E-04,-1.10E-04,-1.20E-04,-1.20E-04,-1.30E-04,-1.10E-04,-9.00E-05,-4.00E-05,-5.00E-05,-6.00E-05,,,,,,,,,,
2346.945,-2.56E-04,-2.06E-04,-9.00E-05,-1.46E-04,-1.83E-04,-1.97E-04,-1.45E-04,-8.00E-05,-1.10E-04,-1.10E-04,-1.10E-04,-1.10E-04,-9.00E-05,-2.00E-05,-3.00E-05,-5.00E-05,,,,,,,,,,
2347.427,-2.37E-04,-1.82E-04,-7.00E-05,-1.28E-04,-1.62E-04,-1.76E-04,-1.18E-04,-6.00E-05,-1.00E-04,-1.00E-04,-9.00E-05,-1.05E-04,-9.00E-05,-1.00E-05,-2.00E-05,-3.00E-05,,,,,,,,,,
2347.909,-2.26E-04,-1.69E-04,-6.00E-05,-1.22E-04,-1.52E-04,-1.65E-04,-1.04E-04,-5.00E-05,-9.19E-05,-9.19E-05,-9.00E-05,-1.09E-04,-9.00E-05,-1.00E-05,-1.00E-05,-3.00E-05,,,,,,,,,,
2348.391,-2.13E-04,-1.60E-04,-5.00E-05,-1.17E-04,-1.44E-04,-1.56E-04,-9.37E-05,-5.00E-05,-8.51E-05,-8.51E-05,-8.00E-05,-1.05E-04,-8.42E-05,-2.00E-05,0.00E+00,-3.00E-05,,,,,,,,,,
2348.873,-2.00E-04,-1.55E-04,-6.00E-05,-1.13E-04,-1.40E-04,-1.51E-04,-8.76E-05,-5.00E-05,-7.79E-05,-7.79E-05,-7.00E-05,-9.56E-05,-7.30E-05,-3.00E-05,1.00E-05,-3.00E-05,,,,,,,,,,
2349.355,-1.91E-04,-1.54E-04,-6.31E-05,-1.11E-04,-1.38E-04,-1.51E-04,-8.65E-05,-6.00E-05,-7.21E-05,-7.21E-05,-6.00E-05,-8.13E-05,-6.00E-05,-4.00E-05,2.00E-05,-3.00E-05,,,,,,,,,,
2349.837,-1.88E-04,-1.55E-04,-7.28E-05,-1.10E-04,-1.39E-04,-1.56E-04,-9.06E-05,-6.63E-05,-6.91E-05,-6.91E-05,-5.54E-05,-6.50E-05,-5.00E-05,-5.36E-05,3.00E-05,-3.00E-05,,,,,,,,,,
2350.319,-2.02E-04,-1.67E-04,-9.41E-05,-1.21E-04,-1.50E-04,-1.74E-04,-1.10E-04,-8.72E-05,-7.98E-05,-7.98E-05,-6.48E-05,-5.96E-05,-4.00E-05,-6.99E-05,3.00E-05,-4.00E-05,,,,,,,,,,
2350.802,-2.11E-04,-1.68E-04,-1.06E-04,-1.22E-04,-1.52E-04,-1.85E-04,-1.25E-04,-9.93E-05,-8.34E-05,-8.34E-05,-6.78E-05,-4.75E-05,-4.00E-05,-7.24E-05,4.00E-05,-4.45E-05,,,,,,,,,,
2351.284,-2.24E-04,-1.67E-04,-1.16E-04,-1.25E-04,-1.53E-04,-1.95E-04,-1.44E-04,-1.11E-04,-8.88E-05,-8.88E-05,-7.34E-05,-3.99E-05,-3.38E-05,-7.15E-05,5.00E-05,-4.89E-05,,,,,,,,,,
2351.766,-2.35E-04,-1.63E-04,-1.24E-04,-1.31E-04,-1.53E-04,-2.03E-04,-1.65E-04,-1.23E-04,-9.39E-05,-9.39E-05,-7.98E-05,-3.65E-05,-3.18E-05,-6.80E-05,6.00E-05,-5.19E-05,,,,,,,,,,
2352.248,-2.42E-04,-1.58E-04,-1.28E-04,-1.37E-04,-1.52E-04,-2.07E-04,-1.83E-04,-1.32E-04,-9.66E-05,-9.66E-05,-8.49E-05,-3.63E-05,-2.95E-05,-6.27E-05,6.00E-05,-5.19E-05,,,,,,,,,,
2352.73,-2.41E-04,-1.51E-04,-1.28E-04,-1.46E-04,-1.49E-04,-2.07E-04,-1.97E-04,-1.39E-04,-9.59E-05,-9.59E-05,-8.68E-05,-3.79E-05,-2.53E-05,-5.65E-05,7.00E-05,-4.81E-05,,,,,,,,,,
2353.212,-2.45E-04,-1.56E-04,-1.33E-04,-1.64E-04,-1.55E-04,-2.15E-04,-2.12E-04,-1.54E-04,-1.02E-04,-1.02E-04,-9.48E-05,-5.04E-05,-2.88E-05,-5.94E-05,6.00E-05,-5.11E-05,,,,,,,,,,
2353.694,-2.44E-04,-1.60E-04,-1.33E-04,-1.79E-04,-1.60E-04,-2.18E-04,-2.15E-04,-1.63E-04,-1.04E-04,-1.04E-04,-9.65E-05,-6.08E-05,-2.82E-05,-5.87E-05,6.27E-05,-4.90E-05,,,,,,,,,,
2354.176,-2.42E-04,-1.68E-04,-1.32E-04,-1.92E-04,-1.67E-04,-2.23E-04,-2.09E-04,-1.70E-04,-1.05E-04,-1.05E-04,-9.54E-05,-7.10E-05,-2.78E-05,-5.63E-05,5.56E-05,-4.56E-05,,,,,,,,,,
2354.658,-2.45E-04,-1.80E-04,-1.33E-04,-2.04E-04,-1.77E-04,-2.29E-04,-1.97E-04,-1.75E-04,-1.08E-04,-1.08E-04,-9.31E-05,-8.12E-05,-2.92E-05,-5.21E-05,4.87E-05,-4.22E-05,,,,,,,,,,
2355.141,-2.53E-04,-1.94E-04,-1.36E-04,-2.14E-04,-1.90E-04,-2.37E-04,-1.83E-04,-1.77E-04,-1.14E-04,-1.14E-04,-9.08E-05,-9.08E-05,-3.37E-05,-4.59E-05,4.20E-05,-3.96E-05,,,,,,,,,,
2355.623,-2.67E-04,-2.10E-04,-1.44E-04,-2.25E-04,-2.08E-04,-2.49E-04,-1.73E-04,-1.78E-04,-1.23E-04,-1.23E-04,-8.99E-05,-9.97E-05,-4.21E-05,-3.90E-05,2.46E-05,-3.87E-05,,,,,,,,,,
2356.105,-2.85E-04,-2.25E-04,-1.57E-04,-2.35E-04,-2.28E-04,-2.61E-04,-1.70E-04,-1.80E-04,-1.34E-04,-1.34E-04,-9.07E-05,-1.07E-04,-5.26E-05,-3.23E-05,9.25E-06,-3.89E-05,,,,,,,,,,
2356.587,-3.04E-04,-2.37E-04,-1.72E-04,-2.45E-04,-2.49E-04,-2.71E-04,-1.74E-04,-1.82E-04,-1.46E-04,-1.46E-04,-9.29E-05,-1.11E-04,-6.35E-05,-2.71E-05,-4.77E-06,-4.05E-05,,,,,,,,,,
2357.069,-3.21E-04,-2.44E-04,-1.87E-04,-2.54E-04,-2.68E-04,-2.77E-04,-1.84E-04,-1.85E-04,-1.55E-04,-1.55E-04,-9.51E-05,-1.11E-04,-7.16E-05,-2.33E-05,-1.55E-05,-4.23E-05,,,,,,,,,,
2357.551,-3.32E-04,-2.45E-04,-1.98E-04,-2.61E-04,-2.84E-04,-2.77E-04,-1.95E-04,-1.89E-04,-1.60E-04,-1.60E-04,-9.61E-05,-1.08E-04,-7.43E-05,-2.07E-05,-2.09E-05,-4.39E-05,,,,,,,,,,
2358.033,-3.37E-04,-2.40E-04,-2.04E-04,-2.64E-04,-2.95E-04,-2.68E-04,-2.02E-04,-1.93E-04,-1.57E-04,-1.57E-04,-9.45E-05,-9.98E-05,-7.01E-05,-1.77E-05,-1.96E-05,-4.47E-05,,,,,,,,,,
2358.515,-3.36E-04,-2.32E-04,-2.05E-04,-2.64E-04,-3.01E-04,-2.52E-04,-2.02E-04,-1.95E-04,-1.49E-04,-1.49E-04,-9.06E-05,-8.97E-05,-6.03E-05,-1.40E-05,-1.23E-05,-4.57E-05,,,,,,,,,,
2358.998,-3.31E-04,-2.25E-04,-2.01E-04,-2.62E-04,-3.04E-04,-2.33E-04,-1.96E-04,-1.97E-04,-1.37E-04,-1.37E-04,-8.53E-05,-7.94E-05,-4.76E-05,-9.12E-06,-1.42E-06,-4.76E-05,,,,,,,,,,
2359.479,-3.25E-04,-2.21E-04,-1.96E-04,-2.61E-04,-3.05E-04,-2.16E-04,-1.85E-04,-1.98E-04,-1.25E-04,-1.25E-04,-8.03E-05,-7.13E-05,-3.61E-05,-3.90E-06,1.50E-05,-5.15E-05,,,,,,,,,,
2359.962,-3.20E-04,-2.24E-04,-1.92E-04,-2.63E-04,-3.07E-04,-2.04E-04,-1.74E-04,-1.99E-04,-1.16E-04,-1.16E-04,-7.71E-05,-6.68E-05,-2.91E-05,-1.18E-07,2.33E-05,-5.77E-05,,,,,,,,,,
2360.444,-3.19E-04,-2.35E-04,-1.92E-04,-2.69E-04,-3.10E-04,-2.01E-04,-1.66E-04,-1.98E-04,-1.13E-04,-1.13E-04,-7.66E-05,-6.67E-05,-2.92E-05,6.31E-07,2.14E-05,-6.57E-05,,,,,,,,,,
2360.926,-3.21E-04,-2.49E-04,-1.95E-04,-2.78E-04,-3.14E-04,-2.07E-04,-1.63E-04,-1.97E-04,-1.14E-04,-1.14E-04,-7.83E-05,-6.97E-05,-3.58E-05,-2.59E-06,2.08E-05,-7.33E-05,,,,,,,,,,
2361.408,-3.26E-04,-2.64E-04,-2.00E-04,-2.86E-04,-3.15E-04,-2.18E-04,-1.63E-04,-1.93E-04,-1.18E-04,-1.18E-04,-8.10E-05,-7.41E-05,-4.69E-05,-9.64E-06,2.28E-05,-7.79E-05,,,,,,,,,,
2361.89,-3.32E-04,-2.76E-04,-2.05E-04,-2.92E-04,-3.12E-04,-2.31E-04,-1.66E-04,-1.85E-04,-1.22E-04,-1.22E-04,-8.23E-05,-7.75E-05,-5.87E-05,-1.95E-05,1.91E-05,-7.75E-05,,,,,,,,,,
2362.372,-3.35E-04,-2.81E-04,-2.07E-04,-2.90E-04,-3.03E-04,-2.42E-04,-1.67E-04,-1.73E-04,-1.24E-04,-1.24E-04,-8.03E-05,-7.81E-05,-6.72E-05,-2.94E-05,1.21E-05,-7.05E-05,,,,,,,,,,
2362.854,-3.35E-04,-2.77E-04,-2.06E-04,-2.80E-04,-2.88E-04,-2.47E-04,-1.65E-04,-1.55E-04,-1.22E-04,-1.22E-04,-7.43E-05,-7.51E-05,-7.04E-05,-3.74E-05,8.75E-06,-5.76E-05,,,,,,,,,,
2363.336,-3.28E-04,-2.65E-04,-1.99E-04,-2.63E-04,-2.68E-04,-2.46E-04,-1.59E-04,-1.35E-04,-1.15E-04,-1.15E-04,-6.40E-05,-6.89E-05,-6.73E-05,-4.14E-05,7.93E-06,-4.08E-05,,,,,,,,,,
2363.819,-3.18E-04,-2.48E-04,-1.90E-04,-2.43E-04,-2.46E-04,-2.41E-04,-1.50E-04,-1.13E-04,-1.05E-04,-1.05E-04,-5.14E-05,-6.08E-05,-5.94E-05,-4.10E-05,9.36E-06,-2.36E-05,,,,,,,,,,
2364.301,-3.03E-04,-2.29E-04,-1.78E-04,-2.24E-04,-2.26E-04,-2.34E-04,-1.42E-04,-9.25E-05,-9.53E-05,-9.53E-05,-3.86E-05,-5.25E-05,-4.94E-05,-3.67E-05,1.22E-05,-8.92E-06,,,,,,,,,,
2364.783,-2.89E-04,-2.10E-04,-1.67E-04,-2.09E-04,-2.08E-04,-2.27E-04,-1.36E-04,-7.68E-05,-8.65E-05,-8.65E-05,-2.76E-05,-4.55E-05,-4.03E-05,-3.00E-05,1.60E-05,9.80E-07,,,,,,,,,,
2365.265,-2.76E-04,-1.94E-04,-1.57E-04,-2.00E-04,-1.96E-04,-2.24E-04,-1.35E-04,-6.71E-05,-7.98E-05,-7.98E-05,-2.04E-05,-4.11E-05,-3.44E-05,-2.30E-05,1.92E-05,5.54E-06,,,,,,,,,,
2365.747,-2.69E-04,-1.81E-04,-1.50E-04,-1.95E-04,-1.89E-04,-2.24E-04,-1.38E-04,-6.35E-05,-7.56E-05,-7.56E-05,-1.75E-05,-3.93E-05,-3.29E-05,-1.78E-05,2.14E-05,5.65E-06,,,,,,,,,,
2366.229,-2.67E-04,-1.72E-04,-1.47E-04,-1.94E-04,-1.86E-04,-2.26E-04,-1.44E-04,-6.51E-05,-7.33E-05,-7.33E-05,-1.90E-05,-3.96E-05,-3.56E-05,-1.57E-05,2.19E-05,3.18E-06,,,,,,,,,,
2366.711,-2.72E-04,-1.65E-04,-1.50E-04,-1.93E-04,-1.86E-04,-2.27E-04,-1.52E-04,-6.99E-05,-7.26E-05,-7.26E-05,-2.40E-05,-4.15E-05,-4.13E-05,-1.71E-05,2.07E-05,-2.64E-07,,,,,,,,,,
2367.193,-2.81E-04,-1.62E-04,-1.59E-04,-1.90E-04,-1.87E-04,-2.28E-04,-1.61E-04,-7.61E-05,-7.33E-05,-7.33E-05,-3.18E-05,-4.38E-05,-4.83E-05,-2.17E-05,1.77E-05,-3.64E-06,,,,,,,,,,
2367.676,-2.92E-04,-1.63E-04,-1.73E-04,-1.86E-04,-1.88E-04,-2.27E-04,-1.68E-04,-8.16E-05,-7.53E-05,-7.53E-05,-4.12E-05,-4.62E-05,-5.50E-05,-2.87E-05,1.40E-05,-6.89E-06,,,,,,,,,,
2368.158,-3.02E-04,-1.67E-04,-1.90E-04,-1.81E-04,-1.89E-04,-2.24E-04,-1.73E-04,-8.53E-05,-7.87E-05,-7.87E-05,-5.13E-05,-4.84E-05,-6.02E-05,-3.70E-05,1.05E-05,-1.05E-05,,,,,,,,,,
2368.64,-3.08E-04,-1.75E-04,-2.08E-04,-1.76E-04,-1.88E-04,-2.22E-04,-1.76E-04,-8.67E-05,-8.33E-05,-8.33E-05,-6.14E-05,-5.08E-05,-6.36E-05,-4.59E-05,8.26E-06,-1.54E-05,,,,,,,,,,
2369.122,-3.08E-04,-1.85E-04,-2.24E-04,-1.74E-04,-1.87E-04,-2.20E-04,-1.78E-04,-8.61E-05,-8.82E-05,-8.82E-05,-7.05E-05,-5.40E-05,-6.52E-05,-5.46E-05,8.04E-06,-2.19E-05,,,,,,,,,,
2369.604,-3.02E-04,-1.97E-04,-2.35E-04,-1.73E-04,-1.86E-04,-2.19E-04,-1.77E-04,-8.36E-05,-9.24E-05,-9.24E-05,-7.71E-05,-5.82E-05,-6.53E-05,-6.26E-05,9.98E-06,-2.90E-05,,,,,,,,,,
2370.086,-2.90E-04,-2.07E-04,-2.39E-04,-1.74E-04,-1.86E-04,-2.18E-04,-1.74E-04,-7.99E-05,-9.49E-05,-9.49E-05,-8.04E-05,-6.36E-05,-6.46E-05,-6.95E-05,1.37E-05,-3.54E-05,,,,,,,,,,
2370.568,-2.74E-04,-2.15E-04,-2.36E-04,-1.74E-04,-1.84E-04,-2.16E-04,-1.68E-04,-7.57E-05,-9.53E-05,-9.53E-05,-7.94E-05,-7.00E-05,-6.36E-05,-7.47E-05,1.81E-05,-3.95E-05,,,,,,,,,,
2371.05,-2.57E-04,-2.19E-04,-2.25E-04,-1.73E-04,-1.82E-04,-2.09E-04,-1.59E-04,-7.15E-05,-9.37E-05,-9.37E-05,-7.38E-05,-7.69E-05,-6.30E-05,-7.77E-05,2.24E-05,-3.97E-05,,,,,,,,,,
2371.532,-2.39E-04,-2.18E-04,-2.10E-04,-1.68E-04,-1.78E-04,-1.99E-04,-1.47E-04,-6.79E-05,-9.09E-05,-9.09E-05,-6.42E-05,-8.29E-05,-6.27E-05,-7.80E-05,2.59E-05,-3.59E-05,,,,,,,,,,
2372.015,-2.21E-04,-2.12E-04,-1.91E-04,-1.60E-04,-1.71E-04,-1.84E-04,-1.33E-04,-6.56E-05,-8.80E-05,-8.80E-05,-5.21E-05,-8.72E-05,-6.24E-05,-7.54E-05,2.89E-05,-2.89E-05,,,,,,,,,,
2372.497,-2.05E-04,-2.03E-04,-1.72E-04,-1.50E-04,-1.61E-04,-1.66E-04,-1.16E-04,-6.52E-05,-8.61E-05,-8.61E-05,-3.97E-05,-8.95E-05,-6.20E-05,-7.07E-05,3.17E-05,-2.10E-05,,,,,,,,,,
2372.979,-1.90E-04,-1.92E-04,-1.55E-04,-1.39E-04,-1.49E-04,-1.48E-04,-9.71E-05,-6.71E-05,-8.59E-05,-8.59E-05,-2.95E-05,-8.95E-05,-6.10E-05,-6.47E-05,3.51E-05,-1.45E-05,,,,,,,,,,
2373.461,-1.76E-04,-1.82E-04,-1.43E-04,-1.30E-04,-1.35E-04,-1.33E-04,-7.79E-05,-7.10E-05,-8.76E-05,-8.76E-05,-2.38E-05,-8.79E-05,-5.90E-05,-5.89E-05,3.91E-05,-1.20E-05,,,,,,,,,,
2373.943,-1.64E-04,-1.73E-04,-1.35E-04,-1.24E-04,-1.22E-04,-1.21E-04,-5.92E-05,-7.68E-05,-9.13E-05,-9.13E-05,-2.35E-05,-8.58E-05,-5.62E-05,-5.46E-05,4.33E-05,-1.49E-05,,,,,,,,,,
2374.425,-1.55E-04,-1.67E-04,-1.33E-04,-1.21E-04,-1.13E-04,-1.15E-04,-4.28E-05,-8.34E-05,-9.74E-05,-9.74E-05,-2.90E-05,-8.41E-05,-5.29E-05,-5.25E-05,4.65E-05,-2.34E-05,,,,,,,,,,
2374.907,-1.49E-04,-1.62E-04,-1.36E-04,-1.21E-04,-1.09E-04,-1.15E-04,-3.02E-05,-8.99E-05,-1.06E-04,-1.06E-04,-3.94E-05,-8.39E-05,-4.98E-05,-5.25E-05,4.76E-05,-3.68E-05,,,,,,,,,,
2375.389,-1.48E-04,-1.58E-04,-1.42E-04,-1.21E-04,-1.09E-04,-1.18E-04,-2.25E-05,-9.50E-05,-1.16E-04,-1.16E-04,-5.25E-05,-8.52E-05,-4.75E-05,-5.34E-05,4.56E-05,-5.26E-05,,,,,,,,,,
2375.872,-1.51E-04,-1.54E-04,-1.49E-04,-1.21E-04,-1.13E-04,-1.25E-04,-2.09E-05,-9.80E-05,-1.29E-04,-1.29E-04,-6.63E-05,-8.81E-05,-4.65E-05,-5.36E-05,3.99E-05,-6.83E-05,,,,,,,,,,
2376.354,-1.57E-04,-1.47E-04,-1.56E-04,-1.18E-04,-1.19E-04,-1.34E-04,-2.52E-05,-9.86E-05,-1.43E-04,-1.43E-04,-7.86E-05,-9.19E-05,-4.66E-05,-5.16E-05,3.11E-05,-8.12E-05,,,,,,,,,,
2376.836,-1.66E-04,-1.37E-04,-1.60E-04,-1.10E-04,-1.25E-04,-1.43E-04,-3.47E-05,-9.72E-05,-1.56E-04,-1.56E-04,-8.80E-05,-9.58E-05,-4.76E-05,-4.70E-05,2.00E-05,-8.98E-05,,,,,,,,,,
2377.318,-1.76E-04,-1.26E-04,-1.60E-04,-9.91E-05,-1.28E-04,-1.50E-04,-4.80E-05,-9.46E-05,-1.69E-04,-1.69E-04,-9.41E-05,-9.96E-05,-4.84E-05,-4.01E-05,7.84E-06,-9.30E-05,,,,,,,,,,
2377.8,-1.85E-04,-1.15E-04,-1.56E-04,-8.56E-05,-1.29E-04,-1.56E-04,-6.30E-05,-9.18E-05,-1.78E-04,-1.78E-04,-9.68E-05,-1.03E-04,-4.83E-05,-3.24E-05,-4.71E-06,-9.17E-05,,,,,,,,,,
2378.282,-1.92E-04,-1.05E-04,-1.48E-04,-7.27E-05,-1.26E-04,-1.60E-04,-7.78E-05,-8.97E-05,-1.85E-04,-1.85E-04,-9.73E-05,-1.05E-04,-4.72E-05,-2.61E-05,-1.71E-05,-8.78E-05,,,,,,,,,,
2378.764,-1.96E-04,-9.87E-05,-1.38E-04,-6.31E-05,-1.20E-04,-1.61E-04,-9.04E-05,-8.86E-05,-1.89E-04,-1.89E-04,-9.63E-05,-1.08E-04,-4.50E-05,-2.32E-05,-2.94E-05,-8.33E-05,,,,,,,,,,
2379.246,-1.98E-04,-9.54E-05,-1.27E-04,-5.93E-05,-1.14E-04,-1.59E-04,-9.95E-05,-8.85E-05,-1.91E-04,-1.91E-04,-9.50E-05,-1.10E-04,-4.27E-05,-2.51E-05,-4.13E-05,-8.06E-05,,,,,,,,,,
2379.729,-1.98E-04,-9.48E-05,-1.17E-04,-6.23E-05,-1.06E-04,-1.54E-04,-1.04E-04,-8.86E-05,-1.93E-04,-1.93E-04,-9.36E-05,-1.11E-04,-4.12E-05,-3.19E-05,-5.23E-05,-8.08E-05,,,,,,,,,,
2380.211,-1.95E-04,-9.54E-05,-1.08E-04,-7.18E-05,-9.92E-05,-1.47E-04,-1.04E-04,-8.82E-05,-1.94E-04,-1.94E-04,-9.19E-05,-1.11E-04,-4.11E-05,-4.31E-05,-6.12E-05,-8.39E-05,,,,,,,,,,
2380.693,-1.89E-04,-9.56E-05,-1.01E-04,-8.64E-05,-9.35E-05,-1.38E-04,-1.00E-04,-8.70E-05,-1.95E-04,-1.95E-04,-9.00E-05,-1.08E-04,-4.32E-05,-5.72E-05,-6.73E-05,-8.96E-05,,,,,,,,,,
2381.175,-1.81E-04,-9.49E-05,-9.54E-05,-1.04E-04,-8.98E-05,-1.27E-04,-9.43E-05,-8.47E-05,-1.94E-04,-1.94E-04,-8.73E-05,-1.04E-04,-4.71E-05,-7.27E-05,-6.99E-05,-9.61E-05,,,,,,,,,,
2381.657,-1.68E-04,-9.31E-05,-8.99E-05,-1.21E-04,-8.87E-05,-1.17E-04,-8.86E-05,-8.15E-05,-1.91E-04,-1.91E-04,-8.36E-05,-9.82E-05,-5.25E-05,-8.82E-05,-6.93E-05,-1.02E-04,,,,,,,,,,
2382.139,-1.51E-04,-9.13E-05,-8.41E-05,-1.35E-04,-9.04E-05,-1.06E-04,-8.50E-05,-7.77E-05,-1.83E-04,-1.83E-04,-7.86E-05,-9.16E-05,-5.81E-05,-1.02E-04,-6.70E-05,-1.07E-04,,,,,,,,,,
2382.621,-1.31E-04,-9.10E-05,-7.74E-05,-1.45E-04,-9.41E-05,-9.61E-05,-8.51E-05,-7.35E-05,-1.71E-04,-1.71E-04,-7.24E-05,-8.56E-05,-6.31E-05,-1.13E-04,-6.51E-05,-1.10E-04,,,,,,,,,,
2383.103,-1.08E-04,-9.28E-05,-6.88E-05,-1.49E-04,-9.85E-05,-8.65E-05,-8.92E-05,-6.84E-05,-1.55E-04,-1.55E-04,-6.51E-05,-8.20E-05,-6.66E-05,-1.20E-04,-6.52E-05,-1.11E-04,,,,,,,,,,
2383.585,-8.51E-05,-9.63E-05,-5.83E-05,-1.47E-04,-1.01E-04,-7.73E-05,-9.60E-05,-6.21E-05,-1.36E-04,-1.36E-04,-5.68E-05,-8.17E-05,-6.82E-05,-1.22E-04,-6.88E-05,-1.12E-04,,,,,,,,,,
2384.068,-6.44E-05,-9.99E-05,-4.61E-05,-1.39E-04,-1.00E-04,-6.89E-05,-1.03E-04,-5.38E-05,-1.14E-04,-1.14E-04,-4.78E-05,-8.53E-05,-6.77E-05,-1.18E-04,-7.52E-05,-1.11E-04,,,,,,,,,,
2384.55,-4.88E-05,-1.01E-04,-3.31E-05,-1.27E-04,-9.36E-05,-6.16E-05,-1.08E-04,-4.31E-05,-9.32E-05,-9.32E-05,-3.85E-05,-9.23E-05,-6.56E-05,-1.08E-04,-8.29E-05,-1.08E-04,,,,,,,,,,
2385.032,-4.07E-05,-9.88E-05,-2.08E-05,-1.11E-04,-8.16E-05,-5.64E-05,-1.08E-04,-3.08E-05,-7.34E-05,-7.34E-05,-3.00E-05,-1.01E-04,-6.24E-05,-9.43E-05,-8.90E-05,-1.02E-04,,,,,,,,,,
2385.514,-4.14E-05,-9.09E-05,-1.16E-05,-9.47E-05,-6.52E-05,-5.35E-05,-1.02E-04,-1.81E-05,-5.59E-05,-5.59E-05,-2.32E-05,-1.10E-04,-5.87E-05,-7.82E-05,-9.09E-05,-9.40E-05,,,,,,,,,,
2385.996,-5.05E-05,-7.82E-05,-7.07E-06,-7.96E-05,-4.64E-05,-5.31E-05,-9.06E-05,-6.78E-06,-4.08E-05,-4.08E-05,-1.92E-05,-1.17E-04,-5.51E-05,-6.26E-05,-8.64E-05,-8.25E-05,,,,,,,,,,
2386.478,-6.66E-05,-6.24E-05,-8.22E-06,-6.74E-05,-2.75E-05,-5.45E-05,-7.47E-05,1.15E-06,-2.80E-05,-2.80E-05,-1.87E-05,-1.20E-04,-5.20E-05,-5.04E-05,-7.56E-05,-6.92E-05,,,,,,,,,,
2386.96,-8.63E-05,-4.60E-05,-1.40E-05,-5.84E-05,-9.99E-06,-5.61E-05,-5.66E-05,4.27E-06,-1.67E-05,-1.67E-05,-2.18E-05,-1.17E-04,-4.93E-05,-4.32E-05,-5.94E-05,-5.55E-05,,,,,,,,,,
2387.442,-1.06E-04,-3.12E-05,-2.21E-05,-5.18E-05,5.54E-06,-5.70E-05,-3.88E-05,2.35E-06,-6.83E-06,-6.83E-06,-2.76E-05,-1.09E-04,-4.72E-05,-4.12E-05,-4.06E-05,-4.31E-05,,,,,,,,,,
2387.925,-1.23E-04,-1.94E-05,-2.90E-05,-4.60E-05,1.95E-05,-5.60E-05,-2.26E-05,-3.45E-06,2.18E-06,2.18E-06,-3.47E-05,-9.71E-05,-4.56E-05,-4.36E-05,-2.26E-05,-3.35E-05,,,,,,,,,,
2388.407,-1.34E-04,-1.08E-05,-3.10E-05,-3.90E-05,3.28E-05,-5.29E-05,-8.78E-06,-1.14E-05,9.99E-06,9.99E-06,-4.11E-05,-8.27E-05,-4.41E-05,-4.88E-05,-8.24E-06,-2.71E-05,,,,,,,,,,
2388.889,-1.39E-04,-4.92E-06,-2.57E-05,-2.91E-05,4.56E-05,-4.82E-05,2.82E-06,-1.92E-05,1.62E-05,1.62E-05,-4.51E-05,-6.86E-05,-4.29E-05,-5.49E-05,4.06E-07,-2.39E-05,,,,,,,,,,
2389.371,-1.38E-04,-6.73E-07,-1.28E-05,-1.61E-05,5.69E-05,-4.33E-05,1.26E-05,-2.45E-05,1.99E-05,1.99E-05,-4.59E-05,-5.74E-05,-4.24E-05,-6.03E-05,2.58E-06,-2.30E-05,,,,,,,,,,
2389.853,-1.32E-04,3.14E-06,6.14E-06,-1.20E-06,6.53E-05,-3.95E-05,2.13E-05,-2.62E-05,2.03E-05,2.03E-05,-4.29E-05,-5.08E-05,-4.24E-05,-6.41E-05,-7.23E-07,-2.34E-05,,,,,,,,,,
2390.335,-1.24E-04,6.71E-06,2.75E-05,1.38E-05,6.92E-05,-3.78E-05,2.92E-05,-2.35E-05,1.70E-05,1.70E-05,-3.66E-05,-4.92E-05,-4.32E-05,-6.57E-05,-7.74E-06,-2.43E-05,,,,,,,,,,
2390.817,-1.16E-04,9.95E-06,4.71E-05,2.62E-05,6.74E-05,-3.84E-05,3.63E-05,-1.73E-05,1.02E-05,1.02E-05,-2.83E-05,-5.19E-05,-4.50E-05,-6.49E-05,-1.60E-05,-2.58E-05,,,,,,,,,,
2391.299,-1.09E-04,1.22E-05,6.11E-05,3.43E-05,6.06E-05,-4.07E-05,4.27E-05,-8.59E-06,1.28E-06,1.28E-06,-1.87E-05,-5.63E-05,-4.71E-05,-6.12E-05,-2.33E-05,-2.75E-05,,,,,,,,,,
2391.781,-1.03E-04,1.33E-05,6.79E-05,3.79E-05,5.10E-05,-4.36E-05,4.83E-05,1.41E-06,-7.88E-06,-7.88E-06,-9.02E-06,-5.99E-05,-4.91E-05,-5.43E-05,-2.78E-05,-2.94E-05,,,,,,,,,,
2392.264,-9.70E-05,1.28E-05,6.72E-05,3.79E-05,4.18E-05,-4.59E-05,5.34E-05,1.09E-05,-1.51E-05,-1.51E-05,4.58E-07,-5.99E-05,-5.01E-05,-4.42E-05,-2.91E-05,-3.11E-05,,,,,,,,,,
2392.746,-9.09E-05,1.07E-05,6.00E-05,3.62E-05,3.58E-05,-4.73E-05,5.75E-05,1.85E-05,-1.91E-05,-1.91E-05,9.34E-06,-5.55E-05,-5.00E-05,-3.22E-05,-2.84E-05,-3.22E-05,,,,,,,,,,
2393.228,-8.50E-05,7.27E-06,4.86E-05,3.48E-05,3.48E-05,-4.77E-05,6.06E-05,2.32E-05,-1.88E-05,-1.88E-05,1.73E-05,-4.66E-05,-4.89E-05,-1.98E-05,-2.67E-05,-3.24E-05,,,,,,,,,,
2393.71,-7.99E-05,2.97E-06,3.51E-05,3.48E-05,3.84E-05,-4.76E-05,6.18E-05,2.38E-05,-1.51E-05,-1.51E-05,2.41E-05,-3.52E-05,-4.79E-05,-9.61E-06,-2.63E-05,-3.19E-05,,,,,,,,,,
2394.192,-7.65E-05,-1.63E-06,2.12E-05,3.64E-05,4.50E-05,-4.73E-05,6.01E-05,2.05E-05,-9.20E-06,-9.20E-06,2.95E-05,-2.37E-05,-4.78E-05,-4.00E-06,-2.80E-05,-3.15E-05,,,,,,,,,,
2394.674,-7.57E-05,-5.97E-06,7.95E-06,3.82E-05,5.13E-05,-4.71E-05,5.46E-05,1.36E-05,-3.05E-06,-3.05E-06,3.28E-05,-1.49E-05,-4.99E-05,-4.79E-06,-3.24E-05,-3.21E-05,,,,,,,,,,
2395.156,-7.71E-05,-9.53E-06,-4.16E-06,3.85E-05,5.43E-05,-4.64E-05,4.47E-05,4.14E-06,1.59E-06,1.59E-06,3.37E-05,-1.08E-05,-5.49E-05,-1.21E-05,-3.87E-05,-3.49E-05,,,,,,,,,,
2395.638,-7.99E-05,-1.17E-05,-1.46E-05,3.62E-05,5.21E-05,-4.46E-05,3.08E-05,-6.60E-06,3.85E-06,3.85E-06,3.20E-05,-1.19E-05,-6.20E-05,-2.47E-05,-4.49E-05,-4.01E-05,,,,,,,,,,
2396.121,-8.19E-05,-1.23E-05,-2.32E-05,3.06E-05,4.45E-05,-4.10E-05,1.44E-05,-1.69E-05,3.67E-06,3.67E-06,2.76E-05,-1.73E-05,-7.06E-05,-3.98E-05,-4.91E-05,-4.71E-05,,,,,,,,,,
2396.603,-8.09E-05,-1.13E-05,-2.98E-05,2.21E-05,3.24E-05,-3.53E-05,-2.43E-06,-2.53E-05,1.37E-06,1.37E-06,2.12E-05,-2.55E-05,-7.85E-05,-5.39E-05,-4.97E-05,-5.42E-05,,,,,,,,,,
2397.085,-7.55E-05,-9.10E-06,-3.44E-05,1.20E-05,1.80E-05,-2.84E-05,-1.75E-05,-3.10E-05,-2.14E-06,-2.14E-06,1.31E-05,-3.38E-05,-8.38E-05,-6.41E-05,-4.65E-05,-5.89E-05,,,,,,,,,,
2397.567,-6.53E-05,-6.33E-06,-3.65E-05,2.18E-06,3.73E-06,-2.07E-05,-2.85E-05,-3.33E-05,-6.01E-06,-6.01E-06,4.69E-06,-3.98E-05,-8.45E-05,-6.80E-05,-3.97E-05,-5.94E-05,,,,,,,,,,
2398.049,-5.16E-05,-4.00E-06,-3.64E-05,-5.79E-06,-7.90E-06,-1.36E-05,-3.39E-05,-3.24E-05,-9.38E-06,-9.38E-06,-2.75E-06,-4.17E-05,-7.93E-05,-6.49E-05,-3.10E-05,-5.44E-05,,,,,,,,,,
2398.531,-3.61E-05,-2.44E-06,-3.33E-05,-1.04E-05,-1.50E-05,-7.60E-06,-3.30E-05,-2.83E-05,-1.14E-05,-1.14E-05,-7.75E-06,-3.82E-05,-6.75E-05,-5.48E-05,-2.18E-05,-4.41E-05,,,,,,,,,,
2399.013,-2.14E-05,-1.62E-06,-2.68E-05,-1.10E-05,-1.61E-05,-2.98E-06,-2.62E-05,-2.12E-05,-1.13E-05,-1.13E-05,-8.86E-06,-2.94E-05,-4.96E-05,-3.88E-05,-1.33E-05,-3.03E-05,,,,,,,,,,
2399.495,-9.23E-06,-8.96E-07,-1.60E-05,-7.19E-06,-1.07E-05,8.66E-07,-1.47E-05,-1.13E-05,-7.91E-06,-7.91E-06,-4.94E-06,-1.52E-05,-2.69E-05,-1.85E-05,-5.86E-06,-1.49E-05,,,,,,,,,,
2399.978,-3.08E-07,7.36E-07,-7.34E-07,9.30E-07,1.41E-06,4.48E-06,-1.01E-07,8.04E-07,-5.55E-07,-5.55E-07,4.27E-06,2.94E-06,-7.90E-07,3.78E-06,6.65E-07,-2.16E-07,,,,,,,,,,
